{
  "format_version": "1.12.0",
  "geometry.medium_body": {
    "bones": [
      {
        "name": "root",
        "pivot": [ 0.0, 0.0, 0.0 ]
      },
      {
        "name": "waist",
        "parent": "root",
        "pivot": [ 0.0, 12.0, 0.0 ]
      },
      {
        "name": "body",
        "parent": "waist",
        "pivot": [ 0, 24, 0 ],
        "rotation": [ 0, 0, 0 ],
        "poly_mesh": {
          "normalized_uvs": true,
          "positions": [
            [ -4, 24, -2 ],
            [ 4, 24, -2 ],
            [ 4, 24, 2 ],
            [ -4, 24, 2 ],
            [ -4, 12, 2 ],
            [ 4, 12, 2 ],
            [ 4, 12, -2 ],
            [ -4, 12, -2 ],
            [ -4, 12, 2 ],
            [ -4, 12, -2 ],
            [ -4, 24, -2 ],
            [ -4, 24, 2 ],
            [ 4, 12, -2 ],
            [ 4, 12, 2 ],
            [ 4, 24, 2 ],
            [ 4, 24, -2 ],
            [ -4, 12, -2 ],
            [ 4, 12, -2 ],
            [ 4, 24, -2 ],
            [ -4, 24, -2 ],
            [ 4, 12, 2 ],
            [ -4, 12, 2 ],
            [ -4, 24, 2 ],
            [ 4, 24, 2 ]
          ],
          "normals": [
            [ 0, 1, 0 ],
            [ 0, -1, 0 ],
            [ -1, 0, 0 ],
            [ 1, 0, 0 ],
            [ 0, 0, -1 ],
            [ 0, 0, 1 ]
          ],
          "uvs": [
            [ 0.15625, 0.96875 ],
            [ 0.21875, 0.96875 ],
            [ 0.21875, 1 ],
            [ 0.15625, 1 ],
            [ 0.28125, 1 ],
            [ 0.21875, 1 ],
            [ 0.21875, 0.96875 ],
            [ 0.28125, 0.96875 ],
            [ 0.125, 0.875 ],
            [ 0.15625, 0.875 ],
            [ 0.15625, 0.96875 ],
            [ 0.125, 0.96875 ],
            [ 0.21875, 0.875 ],
            [ 0.25, 0.875 ],
            [ 0.25, 0.96875 ],
            [ 0.21875, 0.96875 ],
            [ 0.15625, 0.875 ],
            [ 0.21875, 0.875 ],
            [ 0.21875, 0.96875 ],
            [ 0.15625, 0.96875 ],
            [ 0.25, 0.875 ],
            [ 0.3125, 0.875 ],
            [ 0.3125, 0.96875 ],
            [ 0.25, 0.96875 ]
          ],
          "average_normals": null,
          "polys": [
            [
              [ 0, 0, 0 ],
              [ 1, 0, 1 ],
              [ 2, 0, 2 ],
              [ 3, 0, 3 ]
            ],
            [
              [ 4, 1, 4 ],
              [ 5, 1, 5 ],
              [ 6, 1, 6 ],
              [ 7, 1, 7 ]
            ],
            [
              [ 8, 2, 8 ],
              [ 9, 2, 9 ],
              [ 10, 2, 10 ],
              [ 11, 2, 11 ]
            ],
            [
              [ 12, 3, 12 ],
              [ 13, 3, 13 ],
              [ 14, 3, 14 ],
              [ 15, 3, 15 ]
            ],
            [
              [ 16, 4, 16 ],
              [ 17, 4, 17 ],
              [ 18, 4, 18 ],
              [ 19, 4, 19 ]
            ],
            [
              [ 20, 5, 20 ],
              [ 21, 5, 21 ],
              [ 22, 5, 22 ],
              [ 23, 5, 23 ]
            ]
          ]
        }
      }
    ]
  },
  "geometry.medium_head": {
    "bones": [
      {
        "name": "head",
        "parent": "body",
        "pivot": [ 0, 24, 0 ],
        "rotation": null,
        "poly_mesh": {
          "normalized_uvs": true,
          "positions": [
            [ -4, 32, -4 ],
            [ 4, 32, -4 ],
            [ 4, 32, 4 ],
            [ -4, 32, 4 ],
            [ -4, 24, 4 ],
            [ 4, 24, 4 ],
            [ 4, 24, -4 ],
            [ -4, 24, -4 ],
            [ -4, 24, 4 ],
            [ -4, 24, -4 ],
            [ -4, 32, -4 ],
            [ -4, 32, 4 ],
            [ 4, 24, -4 ],
            [ 4, 24, 4 ],
            [ 4, 32, 4 ],
            [ 4, 32, -4 ],
            [ -4, 24, -4 ],
            [ 4, 24, -4 ],
            [ 4, 32, -4 ],
            [ -4, 32, -4 ],
            [ 4, 24, 4 ],
            [ -4, 24, 4 ],
            [ -4, 32, 4 ],
            [ 4, 32, 4 ]
          ],
          "normals": [
            [ 0, 1, 0 ],
            [ 0, -1, 0 ],
            [ -1, 0, 0 ],
            [ 1, 0, 0 ],
            [ 0, 0, -1 ],
            [ 0, 0, 1 ]
          ],
          "uvs": [
            [ 0.25, 0.75 ],
            [ 0.5, 0.75 ],
            [ 0.5, 1 ],
            [ 0.25, 1 ],
            [ 0.75, 1 ],
            [ 0.5, 1 ],
            [ 0.5, 0.75 ],
            [ 0.75, 0.75 ],
            [ 0, 0.5 ],
            [ 0.25, 0.5 ],
            [ 0.25, 0.75 ],
            [ 0, 0.75 ],
            [ 0.5, 0.5 ],
            [ 0.75, 0.5 ],
            [ 0.75, 0.75 ],
            [ 0.5, 0.75 ],
            [ 0.25, 0.5 ],
            [ 0.5, 0.5 ],
            [ 0.5, 0.75 ],
            [ 0.25, 0.75 ],
            [ 0.75, 0.5 ],
            [ 1, 0.5 ],
            [ 1, 0.75 ],
            [ 0.75, 0.75 ]
          ],
          "polys": [
            [
              [ 0, 0, 0 ],
              [ 1, 0, 1 ],
              [ 2, 0, 2 ],
              [ 3, 0, 3 ]
            ],
            [
              [ 4, 1, 4 ],
              [ 5, 1, 5 ],
              [ 6, 1, 6 ],
              [ 7, 1, 7 ]
            ],
            [
              [ 8, 2, 8 ],
              [ 9, 2, 9 ],
              [ 10, 2, 10 ],
              [ 11, 2, 11 ]
            ],
            [
              [ 12, 3, 12 ],
              [ 13, 3, 13 ],
              [ 14, 3, 14 ],
              [ 15, 3, 15 ]
            ],
            [
              [ 16, 4, 16 ],
              [ 17, 4, 17 ],
              [ 18, 4, 18 ],
              [ 19, 4, 19 ]
            ],
            [
              [ 20, 5, 20 ],
              [ 21, 5, 21 ],
              [ 22, 5, 22 ],
              [ 23, 5, 23 ]
            ]
          ]
        }
      }
    ]
  },
  "geometry.medium_head_clothing": {
    "bones": [
      {
        "name": "hat",
        "parent": "head",
        "pivot": [ 0, 24, 0 ],
        "rotation": null,
        "poly_mesh": {
          "normalized_uvs": true,
          "positions": [
            [ -4.5, 32.5, -4.5 ],
            [ 4.5, 32.5, -4.5 ],
            [ 4.5, 32.5, 4.5 ],
            [ -4.5, 32.5, 4.5 ],
            [ -4.5, 23.5, 4.5 ],
            [ 4.5, 23.5, 4.5 ],
            [ 4.5, 23.5, -4.5 ],
            [ -4.5, 23.5, -4.5 ],
            [ -4.5, 23.5, 4.5 ],
            [ -4.5, 23.5, -4.5 ],
            [ -4.5, 32.5, -4.5 ],
            [ -4.5, 32.5, 4.5 ],
            [ 4.5, 23.5, -4.5 ],
            [ 4.5, 23.5, 4.5 ],
            [ 4.5, 32.5, 4.5 ],
            [ 4.5, 32.5, -4.5 ],
            [ -4.5, 23.5, -4.5 ],
            [ 4.5, 23.5, -4.5 ],
            [ 4.5, 32.5, -4.5 ],
            [ -4.5, 32.5, -4.5 ],
            [ 4.5, 23.5, 4.5 ],
            [ -4.5, 23.5, 4.5 ],
            [ -4.5, 32.5, 4.5 ],
            [ 4.5, 32.5, 4.5 ]
          ],
          "normals": [
            [ 0, 1, 0 ],
            [ 0, -1, 0 ],
            [ -1, 0, 0 ],
            [ 1, 0, 0 ],
            [ 0, 0, -1 ],
            [ 0, 0, 1 ]
          ],
          "uvs": [
            [ 0.25, 0.25 ],
            [ 0.5, 0.25 ],
            [ 0.5, 0.5 ],
            [ 0.25, 0.5 ],
            [ 0.75, 0.5 ],
            [ 0.5, 0.5 ],
            [ 0.5, 0.25 ],
            [ 0.75, 0.25 ],
            [ 0, 0 ],
            [ 0.25, 0 ],
            [ 0.25, 0.25 ],
            [ 0, 0.25 ],
            [ 0.5, 0 ],
            [ 0.75, 0 ],
            [ 0.75, 0.25 ],
            [ 0.5, 0.25 ],
            [ 0.25, 0 ],
            [ 0.5, 0 ],
            [ 0.5, 0.25 ],
            [ 0.25, 0.25 ],
            [ 0.75, 0 ],
            [ 1, 0 ],
            [ 1, 0.25 ],
            [ 0.75, 0.25 ]
          ],
          "polys": [
            [
              [ 0, 0, 0 ],
              [ 1, 0, 1 ],
              [ 2, 0, 2 ],
              [ 3, 0, 3 ]
            ],
            [
              [ 4, 1, 4 ],
              [ 5, 1, 5 ],
              [ 6, 1, 6 ],
              [ 7, 1, 7 ]
            ],
            [
              [ 8, 2, 8 ],
              [ 9, 2, 9 ],
              [ 10, 2, 10 ],
              [ 11, 2, 11 ]
            ],
            [
              [ 12, 3, 12 ],
              [ 13, 3, 13 ],
              [ 14, 3, 14 ],
              [ 15, 3, 15 ]
            ],
            [
              [ 16, 4, 16 ],
              [ 17, 4, 17 ],
              [ 18, 4, 18 ],
              [ 19, 4, 19 ]
            ],
            [
              [ 20, 5, 20 ],
              [ 21, 5, 21 ],
              [ 22, 5, 22 ],
              [ 23, 5, 23 ]
            ]
          ]
        }
      }
    ]
  },
  "geometry.medium_left_wide_arm": {
    "bones": [
      {
        "name": "leftArm",
        "parent": "body",
        "pivot": [ 5, 22, 0 ],
        "rotation": [ 0, 0, 0 ],
        "poly_mesh": {
          "normalized_uvs": true,
          "positions": [
            [ 4, 24, -2 ],
            [ 8, 24, -2 ],
            [ 8, 24, 2 ],
            [ 4, 24, 2 ],
            [ 4, 12, 2 ],
            [ 8, 12, 2 ],
            [ 8, 12, -2 ],
            [ 4, 12, -2 ],
            [ 4, 12, 2 ],
            [ 4, 12, -2 ],
            [ 4, 24, -2 ],
            [ 4, 24, 2 ],
            [ 8, 12, -2 ],
            [ 8, 12, 2 ],
            [ 8, 24, 2 ],
            [ 8, 24, -2 ],
            [ 4, 12, -2 ],
            [ 8, 12, -2 ],
            [ 8, 24, -2 ],
            [ 4, 24, -2 ],
            [ 8, 12, 2 ],
            [ 4, 12, 2 ],
            [ 4, 24, 2 ],
            [ 8, 24, 2 ]
          ],
          "normals": [
            [ 0, 1, 0 ],
            [ 0, -1, 0 ],
            [ -1, 0, 0 ],
            [ 1, 0, 0 ],
            [ 0, 0, -1 ],
            [ 0, 0, 1 ]
          ],
          "uvs": [
            [ 0.34375, 0.96875 ],
            [ 0.375, 0.96875 ],
            [ 0.375, 1 ],
            [ 0.34375, 1 ],
            [ 0.40625, 1 ],
            [ 0.375, 1 ],
            [ 0.375, 0.96875 ],
            [ 0.40625, 0.96875 ],
            [ 0.3125, 0.875 ],
            [ 0.34375, 0.875 ],
            [ 0.34375, 0.96875 ],
            [ 0.3125, 0.96875 ],
            [ 0.375, 0.875 ],
            [ 0.40625, 0.875 ],
            [ 0.40625, 0.96875 ],
            [ 0.375, 0.96875 ],
            [ 0.34375, 0.875 ],
            [ 0.375, 0.875 ],
            [ 0.375, 0.96875 ],
            [ 0.34375, 0.96875 ],
            [ 0.40625, 0.875 ],
            [ 0.4375, 0.875 ],
            [ 0.4375, 0.96875 ],
            [ 0.40625, 0.96875 ]
          ],
          "average_normals": null,
          "polys": [
            [
              [ 0, 0, 0 ],
              [ 1, 0, 1 ],
              [ 2, 0, 2 ],
              [ 3, 0, 3 ]
            ],
            [
              [ 4, 1, 4 ],
              [ 5, 1, 5 ],
              [ 6, 1, 6 ],
              [ 7, 1, 7 ]
            ],
            [
              [ 8, 2, 8 ],
              [ 9, 2, 9 ],
              [ 10, 2, 10 ],
              [ 11, 2, 11 ]
            ],
            [
              [ 12, 3, 12 ],
              [ 13, 3, 13 ],
              [ 14, 3, 14 ],
              [ 15, 3, 15 ]
            ],
            [
              [ 16, 4, 16 ],
              [ 17, 4, 17 ],
              [ 18, 4, 18 ],
              [ 19, 4, 19 ]
            ],
            [
              [ 20, 5, 20 ],
              [ 21, 5, 21 ],
              [ 22, 5, 22 ],
              [ 23, 5, 23 ]
            ]
          ]
        }
      }
    ]
  },
  "geometry.medium_right_wide_arm": {
    "bones": [
      {
        "name": "rightArm",
        "parent": "body",
        "pivot": [ -5, 22, 0 ],
        "rotation": [ 0, 0, 0 ],
        "poly_mesh": {
          "normalized_uvs": true,
          "positions": [
            [ -8, 24, -2 ],
            [ -4, 24, -2 ],
            [ -4, 24, 2 ],
            [ -8, 24, 2 ],
            [ -8, 12, 2 ],
            [ -4, 12, 2 ],
            [ -4, 12, -2 ],
            [ -8, 12, -2 ],
            [ -8, 12, 2 ],
            [ -8, 12, -2 ],
            [ -8, 24, -2 ],
            [ -8, 24, 2 ],
            [ -4, 12, -2 ],
            [ -4, 12, 2 ],
            [ -4, 24, 2 ],
            [ -4, 24, -2 ],
            [ -8, 12, -2 ],
            [ -4, 12, -2 ],
            [ -4, 24, -2 ],
            [ -8, 24, -2 ],
            [ -4, 12, 2 ],
            [ -8, 12, 2 ],
            [ -8, 24, 2 ],
            [ -4, 24, 2 ]
          ],
          "normals": [
            [ 0, 1, 0 ],
            [ 0, -1, 0 ],
            [ -1, 0, 0 ],
            [ 1, 0, 0 ],
            [ 0, 0, -1 ],
            [ 0, 0, 1 ]
          ],
          "uvs": [
            [ 0.03125, 0.96875 ],
            [ 0.0625, 0.96875 ],
            [ 0.0625, 1 ],
            [ 0.03125, 1 ],
            [ 0.09375, 1 ],
            [ 0.0625, 1 ],
            [ 0.0625, 0.96875 ],
            [ 0.09375, 0.96875 ],
            [ 0, 0.875 ],
            [ 0.03125, 0.875 ],
            [ 0.03125, 0.96875 ],
            [ 0, 0.96875 ],
            [ 0.0625, 0.875 ],
            [ 0.09375, 0.875 ],
            [ 0.09375, 0.96875 ],
            [ 0.0625, 0.96875 ],
            [ 0.03125, 0.875 ],
            [ 0.0625, 0.875 ],
            [ 0.0625, 0.96875 ],
            [ 0.03125, 0.96875 ],
            [ 0.09375, 0.875 ],
            [ 0.125, 0.875 ],
            [ 0.125, 0.96875 ],
            [ 0.09375, 0.96875 ]
          ],
          "average_normals": null,
          "polys": [
            [
              [ 0, 0, 0 ],
              [ 1, 0, 1 ],
              [ 2, 0, 2 ],
              [ 3, 0, 3 ]
            ],
            [
              [ 4, 1, 4 ],
              [ 5, 1, 5 ],
              [ 6, 1, 6 ],
              [ 7, 1, 7 ]
            ],
            [
              [ 8, 2, 8 ],
              [ 9, 2, 9 ],
              [ 10, 2, 10 ],
              [ 11, 2, 11 ]
            ],
            [
              [ 12, 3, 12 ],
              [ 13, 3, 13 ],
              [ 14, 3, 14 ],
              [ 15, 3, 15 ]
            ],
            [
              [ 16, 4, 16 ],
              [ 17, 4, 17 ],
              [ 18, 4, 18 ],
              [ 19, 4, 19 ]
            ],
            [
              [ 20, 5, 20 ],
              [ 21, 5, 21 ],
              [ 22, 5, 22 ],
              [ 23, 5, 23 ]
            ]
          ]
        }
      }
    ]
  },
  "geometry.medium_left_wide_clothing_arm": {
    "bones": [
      {
        "name": "leftSleeve",
        "parent": "leftArm",
        "pivot": [ 5, 22, 0 ],
        "rotation": [ 0, 0, 0 ],
        "poly_mesh": {
          "normalized_uvs": true,
          "positions": [
            [ 3.75, 24.25, -2.25 ],
            [ 8.25, 24.25, -2.25 ],
            [ 8.25, 24.25, 2.25 ],
            [ 3.75, 24.25, 2.25 ],
            [ 3.75, 11.75, 2.25 ],
            [ 8.25, 11.75, 2.25 ],
            [ 8.25, 11.75, -2.25 ],
            [ 3.75, 11.75, -2.25 ],
            [ 3.75, 11.75, 2.25 ],
            [ 3.75, 11.75, -2.25 ],
            [ 3.75, 24.25, -2.25 ],
            [ 3.75, 24.25, 2.25 ],
            [ 8.25, 11.75, -2.25 ],
            [ 8.25, 11.75, 2.25 ],
            [ 8.25, 24.25, 2.25 ],
            [ 8.25, 24.25, -2.25 ],
            [ 3.75, 11.75, -2.25 ],
            [ 8.25, 11.75, -2.25 ],
            [ 8.25, 24.25, -2.25 ],
            [ 3.75, 24.25, -2.25 ],
            [ 8.25, 11.75, 2.25 ],
            [ 3.75, 11.75, 2.25 ],
            [ 3.75, 24.25, 2.25 ],
            [ 8.25, 24.25, 2.25 ]
          ],
          "normals": [
            [ 0, 1, 0 ],
            [ 0, -1, 0 ],
            [ -1, 0, 0 ],
            [ 1, 0, 0 ],
            [ 0, 0, -1 ],
            [ 0, 0, 1 ]
          ],
          "uvs": [
            [ 0.34375, 0.84375 ],
            [ 0.375, 0.84375 ],
            [ 0.375, 0.875 ],
            [ 0.34375, 0.875 ],
            [ 0.40625, 0.875 ],
            [ 0.375, 0.875 ],
            [ 0.375, 0.84375 ],
            [ 0.40625, 0.84375 ],
            [ 0.3125, 0.75 ],
            [ 0.34375, 0.75 ],
            [ 0.34375, 0.84375 ],
            [ 0.3125, 0.84375 ],
            [ 0.375, 0.75 ],
            [ 0.40625, 0.75 ],
            [ 0.40625, 0.84375 ],
            [ 0.375, 0.84375 ],
            [ 0.34375, 0.75 ],
            [ 0.375, 0.75 ],
            [ 0.375, 0.84375 ],
            [ 0.34375, 0.84375 ],
            [ 0.40625, 0.75 ],
            [ 0.4375, 0.75 ],
            [ 0.4375, 0.84375 ],
            [ 0.40625, 0.84375 ]
          ],
          "average_normals": null,
          "polys": [
            [
              [ 0, 0, 0 ],
              [ 1, 0, 1 ],
              [ 2, 0, 2 ],
              [ 3, 0, 3 ]
            ],
            [
              [ 4, 1, 4 ],
              [ 5, 1, 5 ],
              [ 6, 1, 6 ],
              [ 7, 1, 7 ]
            ],
            [
              [ 8, 2, 8 ],
              [ 9, 2, 9 ],
              [ 10, 2, 10 ],
              [ 11, 2, 11 ]
            ],
            [
              [ 12, 3, 12 ],
              [ 13, 3, 13 ],
              [ 14, 3, 14 ],
              [ 15, 3, 15 ]
            ],
            [
              [ 16, 4, 16 ],
              [ 17, 4, 17 ],
              [ 18, 4, 18 ],
              [ 19, 4, 19 ]
            ],
            [
              [ 20, 5, 20 ],
              [ 21, 5, 21 ],
              [ 22, 5, 22 ],
              [ 23, 5, 23 ]
            ]
          ]
        }
      }
    ]
  },
  "geometry.medium_right_wide_clothing_arm": {
    "bones": [
      {
        "name": "rightSleeve",
        "parent": "rightArm",
        "pivot": [ -5, 22, 0 ],
        "rotation": [ 0, 0, 0 ],
        "poly_mesh": {
          "normalized_uvs": true,
          "positions": [
            [ -8.25, 24.25, -2.25 ],
            [ -3.75, 24.25, -2.25 ],
            [ -3.75, 24.25, 2.25 ],
            [ -8.25, 24.25, 2.25 ],
            [ -8.25, 11.75, 2.25 ],
            [ -3.75, 11.75, 2.25 ],
            [ -3.75, 11.75, -2.25 ],
            [ -8.25, 11.75, -2.25 ],
            [ -8.25, 11.75, 2.25 ],
            [ -8.25, 11.75, -2.25 ],
            [ -8.25, 24.25, -2.25 ],
            [ -8.25, 24.25, 2.25 ],
            [ -3.75, 11.75, -2.25 ],
            [ -3.75, 11.75, 2.25 ],
            [ -3.75, 24.25, 2.25 ],
            [ -3.75, 24.25, -2.25 ],
            [ -8.25, 11.75, -2.25 ],
            [ -3.75, 11.75, -2.25 ],
            [ -3.75, 24.25, -2.25 ],
            [ -8.25, 24.25, -2.25 ],
            [ -3.75, 11.75, 2.25 ],
            [ -8.25, 11.75, 2.25 ],
            [ -8.25, 24.25, 2.25 ],
            [ -3.75, 24.25, 2.25 ]
          ],
          "normals": [
            [ 0, 1, 0 ],
            [ 0, -1, 0 ],
            [ -1, 0, 0 ],
            [ 1, 0, 0 ],
            [ 0, 0, -1 ],
            [ 0, 0, 1 ]
          ],
          "uvs": [
            [ 0.03125, 0.84375 ],
            [ 0.0625, 0.84375 ],
            [ 0.0625, 0.875 ],
            [ 0.03125, 0.875 ],
            [ 0.09375, 0.875 ],
            [ 0.0625, 0.875 ],
            [ 0.0625, 0.84375 ],
            [ 0.09375, 0.84375 ],
            [ 0, 0.75 ],
            [ 0.03125, 0.75 ],
            [ 0.03125, 0.84375 ],
            [ 0, 0.84375 ],
            [ 0.0625, 0.75 ],
            [ 0.09375, 0.75 ],
            [ 0.09375, 0.84375 ],
            [ 0.0625, 0.84375 ],
            [ 0.03125, 0.75 ],
            [ 0.0625, 0.75 ],
            [ 0.0625, 0.84375 ],
            [ 0.03125, 0.84375 ],
            [ 0.09375, 0.75 ],
            [ 0.125, 0.75 ],
            [ 0.125, 0.84375 ],
            [ 0.09375, 0.84375 ]
          ],
          "average_normals": null,
          "polys": [
            [
              [ 0, 0, 0 ],
              [ 1, 0, 1 ],
              [ 2, 0, 2 ],
              [ 3, 0, 3 ]
            ],
            [
              [ 4, 1, 4 ],
              [ 5, 1, 5 ],
              [ 6, 1, 6 ],
              [ 7, 1, 7 ]
            ],
            [
              [ 8, 2, 8 ],
              [ 9, 2, 9 ],
              [ 10, 2, 10 ],
              [ 11, 2, 11 ]
            ],
            [
              [ 12, 3, 12 ],
              [ 13, 3, 13 ],
              [ 14, 3, 14 ],
              [ 15, 3, 15 ]
            ],
            [
              [ 16, 4, 16 ],
              [ 17, 4, 17 ],
              [ 18, 4, 18 ],
              [ 19, 4, 19 ]
            ],
            [
              [ 20, 5, 20 ],
              [ 21, 5, 21 ],
              [ 22, 5, 22 ],
              [ 23, 5, 23 ]
            ]
          ]
        }
      }
    ]
  },
  "geometry.medium_left_leg": {
    "bones": [
      {
        "name": "leftLeg",
        "parent": "root",
        "pivot": [ 1.9, 12, 0 ],
        "rotation": [ 0, 0, 0 ],
        "poly_mesh": {
          "normalized_uvs": true,
          "positions": [
            [ -0.1, 12, -2 ],
            [ 3.9, 12, -2 ],
            [ 3.9, 12, 2 ],
            [ -0.1, 12, 2 ],
            [ -0.1, 0, 2 ],
            [ 3.9, 0, 2 ],
            [ 3.9, 0, -2 ],
            [ -0.1, 0, -2 ],
            [ -0.1, 0, 2 ],
            [ -0.1, 0, -2 ],
            [ -0.1, 12, -2 ],
            [ -0.1, 12, 2 ],
            [ 3.9, 0, -2 ],
            [ 3.9, 0, 2 ],
            [ 3.9, 12, 2 ],
            [ 3.9, 12, -2 ],
            [ -0.1, 0, -2 ],
            [ 3.9, 0, -2 ],
            [ 3.9, 12, -2 ],
            [ -0.1, 12, -2 ],
            [ 3.9, 0, 2 ],
            [ -0.1, 0, 2 ],
            [ -0.1, 12, 2 ],
            [ 3.9, 12, 2 ]
          ],
          "normals": [
            [ 0, 1, 0 ],
            [ 0, -1, 0 ],
            [ -1, 0, 0 ],
            [ 1, 0, 0 ],
            [ 0, 0, -1 ],
            [ 0, 0, 1 ]
          ],
          "uvs": [
            [ 0.28125, 0.71875 ],
            [ 0.3125, 0.71875 ],
            [ 0.3125, 0.75 ],
            [ 0.28125, 0.75 ],
            [ 0.34375, 0.75 ],
            [ 0.3125, 0.75 ],
            [ 0.3125, 0.71875 ],
            [ 0.34375, 0.71875 ],
            [ 0.25, 0.625 ],
            [ 0.28125, 0.625 ],
            [ 0.28125, 0.71875 ],
            [ 0.25, 0.71875 ],
            [ 0.3125, 0.625 ],
            [ 0.34375, 0.625 ],
            [ 0.34375, 0.71875 ],
            [ 0.3125, 0.71875 ],
            [ 0.28125, 0.625 ],
            [ 0.3125, 0.625 ],
            [ 0.3125, 0.71875 ],
            [ 0.28125, 0.71875 ],
            [ 0.34375, 0.625 ],
            [ 0.375, 0.625 ],
            [ 0.375, 0.71875 ],
            [ 0.34375, 0.71875 ]
          ],
          "average_normals": null,
          "polys": [
            [
              [ 0, 0, 0 ],
              [ 1, 0, 1 ],
              [ 2, 0, 2 ],
              [ 3, 0, 3 ]
            ],
            [
              [ 4, 1, 4 ],
              [ 5, 1, 5 ],
              [ 6, 1, 6 ],
              [ 7, 1, 7 ]
            ],
            [
              [ 8, 2, 8 ],
              [ 9, 2, 9 ],
              [ 10, 2, 10 ],
              [ 11, 2, 11 ]
            ],
            [
              [ 12, 3, 12 ],
              [ 13, 3, 13 ],
              [ 14, 3, 14 ],
              [ 15, 3, 15 ]
            ],
            [
              [ 16, 4, 16 ],
              [ 17, 4, 17 ],
              [ 18, 4, 18 ],
              [ 19, 4, 19 ]
            ],
            [
              [ 20, 5, 20 ],
              [ 21, 5, 21 ],
              [ 22, 5, 22 ],
              [ 23, 5, 23 ]
            ]
          ]
        }
      }
    ]
  },
  "geometry.medium_right_leg": {
    "bones": [
      {
        "name": "rightLeg",
        "parent": "root",
        "pivot": [ -1.9, 12, 0 ],
        "rotation": [ 0, 0, 0 ],
        "poly_mesh": {
          "normalized_uvs": true,
          "positions": [
            [ -3.9, 12, -2 ],
            [ 0.0999999, 12, -2 ],
            [ 0.0999999, 12, 2 ],
            [ -3.9, 12, 2 ],
            [ -3.9, 0, 2 ],
            [ 0.0999999, 0, 2 ],
            [ 0.0999999, 0, -2 ],
            [ -3.9, 0, -2 ],
            [ -3.9, 0, 2 ],
            [ -3.9, 0, -2 ],
            [ -3.9, 12, -2 ],
            [ -3.9, 12, 2 ],
            [ 0.0999999, 0, -2 ],
            [ 0.0999999, 0, 2 ],
            [ 0.0999999, 12, 2 ],
            [ 0.0999999, 12, -2 ],
            [ -3.9, 0, -2 ],
            [ 0.0999999, 0, -2 ],
            [ 0.0999999, 12, -2 ],
            [ -3.9, 12, -2 ],
            [ 0.0999999, 0, 2 ],
            [ -3.9, 0, 2 ],
            [ -3.9, 12, 2 ],
            [ 0.0999999, 12, 2 ]
          ],
          "normals": [
            [ 0, 1, 0 ],
            [ 0, -1, 0 ],
            [ -1, 0, 0 ],
            [ 1, 0, 0 ],
            [ 0, 0, -1 ],
            [ 0, 0, 1 ]
          ],
          "uvs": [
            [ 0.15625, 0.71875 ],
            [ 0.1875, 0.71875 ],
            [ 0.1875, 0.75 ],
            [ 0.15625, 0.75 ],
            [ 0.21875, 0.75 ],
            [ 0.1875, 0.75 ],
            [ 0.1875, 0.71875 ],
            [ 0.21875, 0.71875 ],
            [ 0.125, 0.625 ],
            [ 0.15625, 0.625 ],
            [ 0.15625, 0.71875 ],
            [ 0.125, 0.71875 ],
            [ 0.1875, 0.625 ],
            [ 0.21875, 0.625 ],
            [ 0.21875, 0.71875 ],
            [ 0.1875, 0.71875 ],
            [ 0.15625, 0.625 ],
            [ 0.1875, 0.625 ],
            [ 0.1875, 0.71875 ],
            [ 0.15625, 0.71875 ],
            [ 0.21875, 0.625 ],
            [ 0.25, 0.625 ],
            [ 0.25, 0.71875 ],
            [ 0.21875, 0.71875 ]
          ],
          "average_normals": null,
          "polys": [
            [
              [ 0, 0, 0 ],
              [ 1, 0, 1 ],
              [ 2, 0, 2 ],
              [ 3, 0, 3 ]
            ],
            [
              [ 4, 1, 4 ],
              [ 5, 1, 5 ],
              [ 6, 1, 6 ],
              [ 7, 1, 7 ]
            ],
            [
              [ 8, 2, 8 ],
              [ 9, 2, 9 ],
              [ 10, 2, 10 ],
              [ 11, 2, 11 ]
            ],
            [
              [ 12, 3, 12 ],
              [ 13, 3, 13 ],
              [ 14, 3, 14 ],
              [ 15, 3, 15 ]
            ],
            [
              [ 16, 4, 16 ],
              [ 17, 4, 17 ],
              [ 18, 4, 18 ],
              [ 19, 4, 19 ]
            ],
            [
              [ 20, 5, 20 ],
              [ 21, 5, 21 ],
              [ 22, 5, 22 ],
              [ 23, 5, 23 ]
            ]
          ]
        }
      }
    ]
  },
  "geometry.medium_left_leg_clothing": {
    "bones": [
      {
        "name": "leftPants",
        "parent": "leftLeg",
        "pivot": [ 1.9, 12, 0 ],
        "rotation": [ 0, 0, 0 ],
        "poly_mesh": {
          "normalized_uvs": true,
          "positions": [
            [ -0.35, 12.25, -2.25 ],
            [ 4.15, 12.25, -2.25 ],
            [ 4.15, 12.25, 2.25 ],
            [ -0.35, 12.25, 2.25 ],
            [ -0.35, -0.25, 2.25 ],
            [ 4.15, -0.25, 2.25 ],
            [ 4.15, -0.25, -2.25 ],
            [ -0.35, -0.25, -2.25 ],
            [ -0.35, -0.25, 2.25 ],
            [ -0.35, -0.25, -2.25 ],
            [ -0.35, 12.25, -2.25 ],
            [ -0.35, 12.25, 2.25 ],
            [ 4.15, -0.25, -2.25 ],
            [ 4.15, -0.25, 2.25 ],
            [ 4.15, 12.25, 2.25 ],
            [ 4.15, 12.25, -2.25 ],
            [ -0.35, -0.25, -2.25 ],
            [ 4.15, -0.25, -2.25 ],
            [ 4.15, 12.25, -2.25 ],
            [ -0.35, 12.25, -2.25 ],
            [ 4.15, -0.25, 2.25 ],
            [ -0.35, -0.25, 2.25 ],
            [ -0.35, 12.25, 2.25 ],
            [ 4.15, 12.25, 2.25 ]
          ],
          "normals": [
            [ 0, 1, 0 ],
            [ 0, -1, 0 ],
            [ -1, 0, 0 ],
            [ 1, 0, 0 ],
            [ 0, 0, -1 ],
            [ 0, 0, 1 ]
          ],
          "uvs": [
            [ 0.40625, 0.71875 ],
            [ 0.4375, 0.71875 ],
            [ 0.4375, 0.75 ],
            [ 0.40625, 0.75 ],
            [ 0.46875, 0.75 ],
            [ 0.4375, 0.75 ],
            [ 0.4375, 0.71875 ],
            [ 0.46875, 0.71875 ],
            [ 0.375, 0.625 ],
            [ 0.40625, 0.625 ],
            [ 0.40625, 0.71875 ],
            [ 0.375, 0.71875 ],
            [ 0.4375, 0.625 ],
            [ 0.46875, 0.625 ],
            [ 0.46875, 0.71875 ],
            [ 0.4375, 0.71875 ],
            [ 0.40625, 0.625 ],
            [ 0.4375, 0.625 ],
            [ 0.4375, 0.71875 ],
            [ 0.40625, 0.71875 ],
            [ 0.46875, 0.625 ],
            [ 0.5, 0.625 ],
            [ 0.5, 0.71875 ],
            [ 0.46875, 0.71875 ]
          ],
          "average_normals": null,
          "polys": [
            [
              [ 0, 0, 0 ],
              [ 1, 0, 1 ],
              [ 2, 0, 2 ],
              [ 3, 0, 3 ]
            ],
            [
              [ 4, 1, 4 ],
              [ 5, 1, 5 ],
              [ 6, 1, 6 ],
              [ 7, 1, 7 ]
            ],
            [
              [ 8, 2, 8 ],
              [ 9, 2, 9 ],
              [ 10, 2, 10 ],
              [ 11, 2, 11 ]
            ],
            [
              [ 12, 3, 12 ],
              [ 13, 3, 13 ],
              [ 14, 3, 14 ],
              [ 15, 3, 15 ]
            ],
            [
              [ 16, 4, 16 ],
              [ 17, 4, 17 ],
              [ 18, 4, 18 ],
              [ 19, 4, 19 ]
            ],
            [
              [ 20, 5, 20 ],
              [ 21, 5, 21 ],
              [ 22, 5, 22 ],
              [ 23, 5, 23 ]
            ]
          ]
        }
      }
    ]
  },
  "geometry.medium_right_leg_clothing": {
    "bones": [
      {
        "name": "rightPants",
        "parent": "rightLeg",
        "pivot": [ -1.9, 12, 0 ],
        "rotation": [ 0, 0, 0 ],
        "poly_mesh": {
          "normalized_uvs": true,
          "positions": [
            [ -4.15, 12.25, -2.25 ],
            [ 0.3499999, 12.25, -2.25 ],
            [ 0.3499999, 12.25, 2.25 ],
            [ -4.15, 12.25, 2.25 ],
            [ -4.15, -0.25, 2.25 ],
            [ 0.3499999, -0.25, 2.25 ],
            [ 0.3499999, -0.25, -2.25 ],
            [ -4.15, -0.25, -2.25 ],
            [ -4.15, -0.25, 2.25 ],
            [ -4.15, -0.25, -2.25 ],
            [ -4.15, 12.25, -2.25 ],
            [ -4.15, 12.25, 2.25 ],
            [ 0.3499999, -0.25, -2.25 ],
            [ 0.3499999, -0.25, 2.25 ],
            [ 0.3499999, 12.25, 2.25 ],
            [ 0.3499999, 12.25, -2.25 ],
            [ -4.15, -0.25, -2.25 ],
            [ 0.3499999, -0.25, -2.25 ],
            [ 0.3499999, 12.25, -2.25 ],
            [ -4.15, 12.25, -2.25 ],
            [ 0.3499999, -0.25, 2.25 ],
            [ -4.15, -0.25, 2.25 ],
            [ -4.15, 12.25, 2.25 ],
            [ 0.3499999, 12.25, 2.25 ]
          ],
          "normals": [
            [ 0, 1, 0 ],
            [ 0, -1, 0 ],
            [ -1, 0, 0 ],
            [ 1, 0, 0 ],
            [ 0, 0, -1 ],
            [ 0, 0, 1 ]
          ],
          "uvs": [
            [ 0.03125, 0.71875 ],
            [ 0.0625, 0.71875 ],
            [ 0.0625, 0.75 ],
            [ 0.03125, 0.75 ],
            [ 0.09375, 0.75 ],
            [ 0.0625, 0.75 ],
            [ 0.0625, 0.71875 ],
            [ 0.09375, 0.71875 ],
            [ 0, 0.625 ],
            [ 0.03125, 0.625 ],
            [ 0.03125, 0.71875 ],
            [ 0, 0.71875 ],
            [ 0.0625, 0.625 ],
            [ 0.09375, 0.625 ],
            [ 0.09375, 0.71875 ],
            [ 0.0625, 0.71875 ],
            [ 0.03125, 0.625 ],
            [ 0.0625, 0.625 ],
            [ 0.0625, 0.71875 ],
            [ 0.03125, 0.71875 ],
            [ 0.09375, 0.625 ],
            [ 0.125, 0.625 ],
            [ 0.125, 0.71875 ],
            [ 0.09375, 0.71875 ]
          ],
          "average_normals": null,
          "polys": [
            [
              [ 0, 0, 0 ],
              [ 1, 0, 1 ],
              [ 2, 0, 2 ],
              [ 3, 0, 3 ]
            ],
            [
              [ 4, 1, 4 ],
              [ 5, 1, 5 ],
              [ 6, 1, 6 ],
              [ 7, 1, 7 ]
            ],
            [
              [ 8, 2, 8 ],
              [ 9, 2, 9 ],
              [ 10, 2, 10 ],
              [ 11, 2, 11 ]
            ],
            [
              [ 12, 3, 12 ],
              [ 13, 3, 13 ],
              [ 14, 3, 14 ],
              [ 15, 3, 15 ]
            ],
            [
              [ 16, 4, 16 ],
              [ 17, 4, 17 ],
              [ 18, 4, 18 ],
              [ 19, 4, 19 ]
            ],
            [
              [ 20, 5, 20 ],
              [ 21, 5, 21 ],
              [ 22, 5, 22 ],
              [ 23, 5, 23 ]
            ]
          ]
        }
      }
    ]
  },
  "geometry.medium_body_clothing": {
    "bones": [
      {
        "name": "jacket",
        "parent": "body",
        "pivot": [ 0, 24, 0 ],
        "rotation": [ 0, 0, 0 ],
        "poly_mesh": {
          "normalized_uvs": true,
          "positions": [
            [ -4.25, 24.25, -2.25 ],
            [ 4.25, 24.25, -2.25 ],
            [ 4.25, 24.25, 2.25 ],
            [ -4.25, 24.25, 2.25 ],
            [ -4.25, 11.75, 2.25 ],
            [ 4.25, 11.75, 2.25 ],
            [ 4.25, 11.75, -2.25 ],
            [ -4.25, 11.75, -2.25 ],
            [ -4.25, 11.75, 2.25 ],
            [ -4.25, 11.75, -2.25 ],
            [ -4.25, 24.25, -2.25 ],
            [ -4.25, 24.25, 2.25 ],
            [ 4.25, 11.75, -2.25 ],
            [ 4.25, 11.75, 2.25 ],
            [ 4.25, 24.25, 2.25 ],
            [ 4.25, 24.25, -2.25 ],
            [ -4.25, 11.75, -2.25 ],
            [ 4.25, 11.75, -2.25 ],
            [ 4.25, 24.25, -2.25 ],
            [ -4.25, 24.25, -2.25 ],
            [ 4.25, 11.75, 2.25 ],
            [ -4.25, 11.75, 2.25 ],
            [ -4.25, 24.25, 2.25 ],
            [ 4.25, 24.25, 2.25 ]
          ],
          "normals": [
            [ 0, 1, 0 ],
            [ 0, -1, 0 ],
            [ -1, 0, 0 ],
            [ 1, 0, 0 ],
            [ 0, 0, -1 ],
            [ 0, 0, 1 ]
          ],
          "uvs": [
            [ 0.15625, 0.84375 ],
            [ 0.21875, 0.84375 ],
            [ 0.21875, 0.875 ],
            [ 0.15625, 0.875 ],
            [ 0.28125, 0.875 ],
            [ 0.21875, 0.875 ],
            [ 0.21875, 0.84375 ],
            [ 0.28125, 0.84375 ],
            [ 0.125, 0.75 ],
            [ 0.15625, 0.75 ],
            [ 0.15625, 0.84375 ],
            [ 0.125, 0.84375 ],
            [ 0.21875, 0.75 ],
            [ 0.25, 0.75 ],
            [ 0.25, 0.84375 ],
            [ 0.21875, 0.84375 ],
            [ 0.15625, 0.75 ],
            [ 0.21875, 0.75 ],
            [ 0.21875, 0.84375 ],
            [ 0.15625, 0.84375 ],
            [ 0.25, 0.75 ],
            [ 0.3125, 0.75 ],
            [ 0.3125, 0.84375 ],
            [ 0.25, 0.84375 ]
          ],
          "average_normals": null,
          "polys": [
            [
              [ 0, 0, 0 ],
              [ 1, 0, 1 ],
              [ 2, 0, 2 ],
              [ 3, 0, 3 ]
            ],
            [
              [ 4, 1, 4 ],
              [ 5, 1, 5 ],
              [ 6, 1, 6 ],
              [ 7, 1, 7 ]
            ],
            [
              [ 8, 2, 8 ],
              [ 9, 2, 9 ],
              [ 10, 2, 10 ],
              [ 11, 2, 11 ]
            ],
            [
              [ 12, 3, 12 ],
              [ 13, 3, 13 ],
              [ 14, 3, 14 ],
              [ 15, 3, 15 ]
            ],
            [
              [ 16, 4, 16 ],
              [ 17, 4, 17 ],
              [ 18, 4, 18 ],
              [ 19, 4, 19 ]
            ],
            [
              [ 20, 5, 20 ],
              [ 21, 5, 21 ],
              [ 22, 5, 22 ],
              [ 23, 5, 23 ]
            ]
          ]
        }
      }
    ]
  },
  "geometry.medium_left_slim_arm": {
    "bones": [
      {
        "name": "leftArm",
        "parent": "body",
        "pivot": [ 5, 21.5, 0 ],
        "rotation": [ 0, 0, 0 ],
        "poly_mesh": {
          "normalized_uvs": true,
          "positions": [
            [ 4, 23.5, -2 ],
            [ 7, 23.5, -2 ],
            [ 7, 23.5, 2 ],
            [ 4, 23.5, 2 ],
            [ 4, 11.5, 2 ],
            [ 7, 11.5, 2 ],
            [ 7, 11.5, -2 ],
            [ 4, 11.5, -2 ],
            [ 4, 11.5, 2 ],
            [ 4, 11.5, -2 ],
            [ 4, 23.5, -2 ],
            [ 4, 23.5, 2 ],
            [ 7, 11.5, -2 ],
            [ 7, 11.5, 2 ],
            [ 7, 23.5, 2 ],
            [ 7, 23.5, -2 ],
            [ 4, 11.5, -2 ],
            [ 7, 11.5, -2 ],
            [ 7, 23.5, -2 ],
            [ 4, 23.5, -2 ],
            [ 7, 11.5, 2 ],
            [ 4, 11.5, 2 ],
            [ 4, 23.5, 2 ],
            [ 7, 23.5, 2 ]
          ],
          "normals": [
            [ 0, 1, 0 ],
            [ 0, -1, 0 ],
            [ -1, 0, 0 ],
            [ 1, 0, 0 ],
            [ 0, 0, -1 ],
            [ 0, 0, 1 ]
          ],
          "uvs": [
            [ 0.25, 0.59375 ],
            [ 0.2734375, 0.59375 ],
            [ 0.2734375, 0.625 ],
            [ 0.25, 0.625 ],
            [ 0.296875, 0.625 ],
            [ 0.2734375, 0.625 ],
            [ 0.2734375, 0.59375 ],
            [ 0.296875, 0.59375 ],
            [ 0.21875, 0.5 ],
            [ 0.25, 0.5 ],
            [ 0.25, 0.59375 ],
            [ 0.21875, 0.59375 ],
            [ 0.2734375, 0.5 ],
            [ 0.3046875, 0.5 ],
            [ 0.3046875, 0.59375 ],
            [ 0.2734375, 0.59375 ],
            [ 0.25, 0.5 ],
            [ 0.2734375, 0.5 ],
            [ 0.2734375, 0.59375 ],
            [ 0.25, 0.59375 ],
            [ 0.3046875, 0.5 ],
            [ 0.328125, 0.5 ],
            [ 0.328125, 0.59375 ],
            [ 0.3046875, 0.59375 ]
          ],
          "average_normals": null,
          "polys": [
            [
              [ 0, 0, 0 ],
              [ 1, 0, 1 ],
              [ 2, 0, 2 ],
              [ 3, 0, 3 ]
            ],
            [
              [ 4, 1, 4 ],
              [ 5, 1, 5 ],
              [ 6, 1, 6 ],
              [ 7, 1, 7 ]
            ],
            [
              [ 8, 2, 8 ],
              [ 9, 2, 9 ],
              [ 10, 2, 10 ],
              [ 11, 2, 11 ]
            ],
            [
              [ 12, 3, 12 ],
              [ 13, 3, 13 ],
              [ 14, 3, 14 ],
              [ 15, 3, 15 ]
            ],
            [
              [ 16, 4, 16 ],
              [ 17, 4, 17 ],
              [ 18, 4, 18 ],
              [ 19, 4, 19 ]
            ],
            [
              [ 20, 5, 20 ],
              [ 21, 5, 21 ],
              [ 22, 5, 22 ],
              [ 23, 5, 23 ]
            ]
          ]
        }
      }
    ]
  },
  "geometry.medium_right_slim_arm": {
    "bones": [
      {
        "name": "rightArm",
        "parent": "body",
        "pivot": [ -5, 21.5, 0 ],
        "rotation": [ 0, 0, 0 ],
        "poly_mesh": {
          "normalized_uvs": true,
          "positions": [
            [ -7, 23.5, -2 ],
            [ -4, 23.5, -2 ],
            [ -4, 23.5, 2 ],
            [ -7, 23.5, 2 ],
            [ -7, 11.5, 2 ],
            [ -4, 11.5, 2 ],
            [ -4, 11.5, -2 ],
            [ -7, 11.5, -2 ],
            [ -7, 11.5, 2 ],
            [ -7, 11.5, -2 ],
            [ -7, 23.5, -2 ],
            [ -7, 23.5, 2 ],
            [ -4, 11.5, -2 ],
            [ -4, 11.5, 2 ],
            [ -4, 23.5, 2 ],
            [ -4, 23.5, -2 ],
            [ -7, 11.5, -2 ],
            [ -4, 11.5, -2 ],
            [ -4, 23.5, -2 ],
            [ -7, 23.5, -2 ],
            [ -4, 11.5, 2 ],
            [ -7, 11.5, 2 ],
            [ -7, 23.5, 2 ],
            [ -4, 23.5, 2 ]
          ],
          "normals": [
            [ 0, 1, 0 ],
            [ 0, -1, 0 ],
            [ -1, 0, 0 ],
            [ 1, 0, 0 ],
            [ 0, 0, -1 ],
            [ 0, 0, 1 ]
          ],
          "uvs": [
            [ 0.140625, 0.59375 ],
            [ 0.1640625, 0.59375 ],
            [ 0.1640625, 0.625 ],
            [ 0.140625, 0.625 ],
            [ 0.1875, 0.625 ],
            [ 0.1640625, 0.625 ],
            [ 0.1640625, 0.59375 ],
            [ 0.1875, 0.59375 ],
            [ 0.109375, 0.5 ],
            [ 0.140625, 0.5 ],
            [ 0.140625, 0.59375 ],
            [ 0.109375, 0.59375 ],
            [ 0.1640625, 0.5 ],
            [ 0.1953125, 0.5 ],
            [ 0.1953125, 0.59375 ],
            [ 0.1640625, 0.59375 ],
            [ 0.140625, 0.5 ],
            [ 0.1640625, 0.5 ],
            [ 0.1640625, 0.59375 ],
            [ 0.140625, 0.59375 ],
            [ 0.1953125, 0.5 ],
            [ 0.21875, 0.5 ],
            [ 0.21875, 0.59375 ],
            [ 0.1953125, 0.59375 ]
          ],
          "average_normals": null,
          "polys": [
            [
              [ 0, 0, 0 ],
              [ 1, 0, 1 ],
              [ 2, 0, 2 ],
              [ 3, 0, 3 ]
            ],
            [
              [ 4, 1, 4 ],
              [ 5, 1, 5 ],
              [ 6, 1, 6 ],
              [ 7, 1, 7 ]
            ],
            [
              [ 8, 2, 8 ],
              [ 9, 2, 9 ],
              [ 10, 2, 10 ],
              [ 11, 2, 11 ]
            ],
            [
              [ 12, 3, 12 ],
              [ 13, 3, 13 ],
              [ 14, 3, 14 ],
              [ 15, 3, 15 ]
            ],
            [
              [ 16, 4, 16 ],
              [ 17, 4, 17 ],
              [ 18, 4, 18 ],
              [ 19, 4, 19 ]
            ],
            [
              [ 20, 5, 20 ],
              [ 21, 5, 21 ],
              [ 22, 5, 22 ],
              [ 23, 5, 23 ]
            ]
          ]
        }
      }
    ]
  },
  "geometry.medium_left_slim_clothing_arm": {
    "bones": [
      {
        "name": "leftSleeve",
        "parent": "leftArm",
        "pivot": [ 5, 21.5, 0 ],
        "rotation": [ 0, 0, 0 ],
        "poly_mesh": {
          "normalized_uvs": true,
          "positions": [
            [ 3.75, 23.75, -2.25 ],
            [ 7.25, 23.75, -2.25 ],
            [ 7.25, 23.75, 2.25 ],
            [ 3.75, 23.75, 2.25 ],
            [ 3.75, 11.25, 2.25 ],
            [ 7.25, 11.25, 2.25 ],
            [ 7.25, 11.25, -2.25 ],
            [ 3.75, 11.25, -2.25 ],
            [ 3.75, 11.25, 2.25 ],
            [ 3.75, 11.25, -2.25 ],
            [ 3.75, 23.75, -2.25 ],
            [ 3.75, 23.75, 2.25 ],
            [ 7.25, 11.25, -2.25 ],
            [ 7.25, 11.25, 2.25 ],
            [ 7.25, 23.75, 2.25 ],
            [ 7.25, 23.75, -2.25 ],
            [ 3.75, 11.25, -2.25 ],
            [ 7.25, 11.25, -2.25 ],
            [ 7.25, 23.75, -2.25 ],
            [ 3.75, 23.75, -2.25 ],
            [ 7.25, 11.25, 2.25 ],
            [ 3.75, 11.25, 2.25 ],
            [ 3.75, 23.75, 2.25 ],
            [ 7.25, 23.75, 2.25 ]
          ],
          "normals": [
            [ 0, 1, 0 ],
            [ 0, -1, 0 ],
            [ -1, 0, 0 ],
            [ 1, 0, 0 ],
            [ 0, 0, -1 ],
            [ 0, 0, 1 ]
          ],
          "uvs": [
            [ 0.359375, 0.59375 ],
            [ 0.3828125, 0.59375 ],
            [ 0.3828125, 0.625 ],
            [ 0.359375, 0.625 ],
            [ 0.40625, 0.625 ],
            [ 0.3828125, 0.625 ],
            [ 0.3828125, 0.59375 ],
            [ 0.40625, 0.59375 ],
            [ 0.328125, 0.5 ],
            [ 0.359375, 0.5 ],
            [ 0.359375, 0.59375 ],
            [ 0.328125, 0.59375 ],
            [ 0.3828125, 0.5 ],
            [ 0.4140625, 0.5 ],
            [ 0.4140625, 0.59375 ],
            [ 0.3828125, 0.59375 ],
            [ 0.359375, 0.5 ],
            [ 0.3828125, 0.5 ],
            [ 0.3828125, 0.59375 ],
            [ 0.359375, 0.59375 ],
            [ 0.4140625, 0.5 ],
            [ 0.4375, 0.5 ],
            [ 0.4375, 0.59375 ],
            [ 0.4140625, 0.59375 ]
          ],
          "average_normals": null,
          "polys": [
            [
              [ 0, 0, 0 ],
              [ 1, 0, 1 ],
              [ 2, 0, 2 ],
              [ 3, 0, 3 ]
            ],
            [
              [ 4, 1, 4 ],
              [ 5, 1, 5 ],
              [ 6, 1, 6 ],
              [ 7, 1, 7 ]
            ],
            [
              [ 8, 2, 8 ],
              [ 9, 2, 9 ],
              [ 10, 2, 10 ],
              [ 11, 2, 11 ]
            ],
            [
              [ 12, 3, 12 ],
              [ 13, 3, 13 ],
              [ 14, 3, 14 ],
              [ 15, 3, 15 ]
            ],
            [
              [ 16, 4, 16 ],
              [ 17, 4, 17 ],
              [ 18, 4, 18 ],
              [ 19, 4, 19 ]
            ],
            [
              [ 20, 5, 20 ],
              [ 21, 5, 21 ],
              [ 22, 5, 22 ],
              [ 23, 5, 23 ]
            ]
          ]
        }
      }
    ]
  },
  "geometry.medium_right_slim_clothing_arm": {
    "bones": [
      {
        "name": "rightSleeve",
        "parent": "rightArm",
        "pivot": [ -5, 21.5, 0 ],
        "rotation": [ 0, 0, 0 ],
        "poly_mesh": {
          "normalized_uvs": true,
          "positions": [
            [ -7.25, 23.75, -2.25 ],
            [ -3.75, 23.75, -2.25 ],
            [ -3.75, 23.75, 2.25 ],
            [ -7.25, 23.75, 2.25 ],
            [ -7.25, 11.25, 2.25 ],
            [ -3.75, 11.25, 2.25 ],
            [ -3.75, 11.25, -2.25 ],
            [ -7.25, 11.25, -2.25 ],
            [ -7.25, 11.25, 2.25 ],
            [ -7.25, 11.25, -2.25 ],
            [ -7.25, 23.75, -2.25 ],
            [ -7.25, 23.75, 2.25 ],
            [ -3.75, 11.25, -2.25 ],
            [ -3.75, 11.25, 2.25 ],
            [ -3.75, 23.75, 2.25 ],
            [ -3.75, 23.75, -2.25 ],
            [ -7.25, 11.25, -2.25 ],
            [ -3.75, 11.25, -2.25 ],
            [ -3.75, 23.75, -2.25 ],
            [ -7.25, 23.75, -2.25 ],
            [ -3.75, 11.25, 2.25 ],
            [ -7.25, 11.25, 2.25 ],
            [ -7.25, 23.75, 2.25 ],
            [ -3.75, 23.75, 2.25 ]
          ],
          "normals": [
            [ 0, 1, 0 ],
            [ 0, -1, 0 ],
            [ -1, 0, 0 ],
            [ 1, 0, 0 ],
            [ 0, 0, -1 ],
            [ 0, 0, 1 ]
          ],
          "uvs": [
            [ 0.03125, 0.59375 ],
            [ 0.0546875, 0.59375 ],
            [ 0.0546875, 0.625 ],
            [ 0.03125, 0.625 ],
            [ 0.078125, 0.625 ],
            [ 0.0546875, 0.625 ],
            [ 0.0546875, 0.59375 ],
            [ 0.078125, 0.59375 ],
            [ 0, 0.5 ],
            [ 0.03125, 0.5 ],
            [ 0.03125, 0.59375 ],
            [ 0, 0.59375 ],
            [ 0.0546875, 0.5 ],
            [ 0.0859375, 0.5 ],
            [ 0.0859375, 0.59375 ],
            [ 0.0546875, 0.59375 ],
            [ 0.03125, 0.5 ],
            [ 0.0546875, 0.5 ],
            [ 0.0546875, 0.59375 ],
            [ 0.03125, 0.59375 ],
            [ 0.0859375, 0.5 ],
            [ 0.109375, 0.5 ],
            [ 0.109375, 0.59375 ],
            [ 0.0859375, 0.59375 ]
          ],
          "average_normals": null,
          "polys": [
            [
              [ 0, 0, 0 ],
              [ 1, 0, 1 ],
              [ 2, 0, 2 ],
              [ 3, 0, 3 ]
            ],
            [
              [ 4, 1, 4 ],
              [ 5, 1, 5 ],
              [ 6, 1, 6 ],
              [ 7, 1, 7 ]
            ],
            [
              [ 8, 2, 8 ],
              [ 9, 2, 9 ],
              [ 10, 2, 10 ],
              [ 11, 2, 11 ]
            ],
            [
              [ 12, 3, 12 ],
              [ 13, 3, 13 ],
              [ 14, 3, 14 ],
              [ 15, 3, 15 ]
            ],
            [
              [ 16, 4, 16 ],
              [ 17, 4, 17 ],
              [ 18, 4, 18 ],
              [ 19, 4, 19 ]
            ],
            [
              [ 20, 5, 20 ],
              [ 21, 5, 21 ],
              [ 22, 5, 22 ],
              [ 23, 5, 23 ]
            ]
          ]
        }
      }
    ]
  }
}