{
  "format_version": "1.14.0",
  "sound_definitions": {
    "music.menu": {
      "category": "music",
      "sounds": [
        {
          "name": "sounds/music/game/stand_tall",
          "stream": true,
          "volume": 0.3,
          "load_on_low_memory": true
        },
        {
          "name": "sounds/music/game/one_more_day",
          "stream": true,
          "volume": 0.3,
          "load_on_low_memory": true
        },
        {
          "name": "sounds/music/game/left_to_bloom",
          "stream": true,
          "volume": 0.3,
          "load_on_low_memory": true
        },
        {
          "name": "sounds/music/game/wending",
          "stream": true,
          "volume": 0.3,
          "load_on_low_memory": true
        },
        {
          "name": "sounds/music/game/infinite_amethyst",
          "stream": true,
          "volume": 0.3,
          "load_on_low_memory": true
        },
        {
          "name": "sounds/music/menu/menu1",
          "stream": true,
          "volume": 0.3,
          "load_on_low_memory": true
        },
        {
          "name": "sounds/music/menu/menu2",
          "stream": true,
          "volume": 0.3,
          "load_on_low_memory": true
        },
        {
          "name": "sounds/music/menu/menu3",
          "stream": true,
          "volume": 0.3,
          "load_on_low_memory": true
        },
        {
          "name": "sounds/music/menu/menu4",
          "stream": true,
          "volume": 0.3,
          "load_on_low_memory": true
        }
      ]
    },
    "music.game": {
      "category": "music",
      "sounds": [
        {
          "name": "sounds/music/game/calm1",
          "stream": true,
          "volume": 0.2,
          "load_on_low_memory": true
        },
        {
          "name": "sounds/music/game/calm2",
          "stream": true,
          "volume": 0.2,
          "load_on_low_memory": true
        },
        {
          "name": "sounds/music/game/calm3",
          "stream": true,
          "volume": 0.2,
          "load_on_low_memory": true
        },
        {
          "name": "sounds/music/game/hal1",
          "stream": true,
          "volume": 0.1,
          "load_on_low_memory": true
        },
        {
          "name": "sounds/music/game/hal2",
          "stream": true,
          "volume": 0.2,
          "load_on_low_memory": true
        },
        {
          "name": "sounds/music/game/hal3",
          "stream": true,
          "volume": 0.1,
          "load_on_low_memory": true
        },
        {
          "name": "sounds/music/game/hal4",
          "stream": true,
          "volume": 0.2,
          "load_on_low_memory": true
        },
        {
          "name": "sounds/music/game/nuance1",
          "stream": true,
          "volume": 0.3,
          "load_on_low_memory": true
        },
        {
          "name": "sounds/music/game/nuance2",
          "stream": true,
          "volume": 0.3,
          "load_on_low_memory": true
        },
        {
          "name": "sounds/music/game/piano1",
          "stream": true,
          "volume": 0.2,
          "load_on_low_memory": true
        },
        {
          "name": "sounds/music/game/piano2",
          "stream": true,
          "volume": 0.2,
          "load_on_low_memory": true
        },
        {
          "name": "sounds/music/game/piano3",
          "stream": true,
          "volume": 0.2,
          "load_on_low_memory": true
        },
        {
          "name": "sounds/music/game/one_more_day",
          "volume": 0.4,
          "stream": true,
          "load_on_low_memory": true
        },
        {
          "name": "sounds/music/game/floating_dream",
          "volume": 0.4,
          "stream": true,
          "load_on_low_memory": true
        },
        {
          "name": "sounds/music/game/left_to_bloom",
          "volume": 0.4,
          "stream": true,
          "load_on_low_memory": true
        },
        {
          "name": "sounds/music/game/comforting_memories",
          "volume": 0.4,
          "stream": true,
          "load_on_low_memory": true
        }
      ]
    },
    "music.game.dripstone_caves": {
      "category": "music",
      "sounds": [
        {
          "load_on_low_memory": true,
          "name": "sounds/music/game/wending",
          "stream": true,
          "volume": 0.40,
          "weight": 2
        },
        {
          "load_on_low_memory": true,
          "name": "sounds/music/game/infinite_amethyst",
          "stream": true,
          "volume": 0.40,
          "weight": 1
        },
        {
          "load_on_low_memory": true,
          "name": "sounds/music/game/an_ordinary_day",
          "stream": true,
          "weight": 1
        },
        {
          "load_on_low_memory": true,
          "name": "sounds/music/game/hal1",
          "stream": true,
          "weight": 1
        },
        {
          "load_on_low_memory": true,
          "name": "sounds/music/game/hal4",
          "stream": true,
          "weight": 1
        },
        {
          "load_on_low_memory": true,
          "name": "sounds/music/game/nuance1",
          "stream": true,
          "weight": 1
        },
        {
          "load_on_low_memory": true,
          "name": "sounds/music/game/nuance2",
          "stream": true,
          "weight": 1
        }
      ]
    },
    "music.game.grove": {
      "category": "music",
      "sounds": [
        {
          "load_on_low_memory": true,
          "name": "sounds/music/game/comforting_memories",
          "stream": true,
          "volume": 0.40,
          "weight": 1
        },
        {
          "load_on_low_memory": true,
          "name": "sounds/music/game/infinite_amethyst",
          "stream": true,
          "volume": 0.40,
          "weight": 1
        },
        {
          "load_on_low_memory": true,
          "name": "sounds/music/game/wending",
          "stream": true,
          "volume": 0.40,
          "weight": 1
        },
        {
          "load_on_low_memory": true,
          "name": "sounds/music/game/piano3",
          "stream": true,
          "weight": 1
        },
        {
          "load_on_low_memory": true,
          "name": "sounds/music/game/calm1",
          "stream": true,
          "weight": 1
        },
        {
          "load_on_low_memory": true,
          "name": "sounds/music/game/calm2",
          "stream": true,
          "weight": 1
        },
        {
          "load_on_low_memory": true,
          "name": "sounds/music/game/calm3",
          "stream": true,
          "weight": 1
        },
        {
          "load_on_low_memory": true,
          "name": "sounds/music/game/nuance1",
          "stream": true,
          "weight": 1
        },
        {
          "load_on_low_memory": true,
          "name": "sounds/music/game/nuance2",
          "stream": true,
          "weight": 1
        }
      ]
    },
    "music.game.jagged_peaks": {
      "category": "music",
      "sounds": [
        {
          "load_on_low_memory": true,
          "name": "sounds/music/game/floating_dream",
          "stream": true,
          "volume": 0.40
        },
        {
          "load_on_low_memory": true,
          "name": "sounds/music/game/stand_tall",
          "stream": true,
          "volume": 0.40
        },
        {
          "load_on_low_memory": true,
          "name": "sounds/music/game/wending",
          "stream": true,
          "volume": 0.40
        },
        {
          "load_on_low_memory": true,
          "name": "sounds/music/game/piano1",
          "stream": true
        },
        {
          "load_on_low_memory": true,
          "name": "sounds/music/game/piano2",
          "stream": true
        },
        {
          "load_on_low_memory": true,
          "name": "sounds/music/game/piano3",
          "stream": true
        },
        {
          "load_on_low_memory": true,
          "name": "sounds/music/game/nuance1",
          "stream": true
        },
        {
          "load_on_low_memory": true,
          "name": "sounds/music/game/nuance2",
          "stream": true
        },
        {
          "load_on_low_memory": true,
          "name": "sounds/music/game/hal1",
          "stream": true
        },
        {
          "load_on_low_memory": true,
          "name": "sounds/music/game/hal2",
          "stream": true
        }
      ]
    },
    "music.game.lush_caves": {
      "category": "music",
      "sounds": [
        {
          "load_on_low_memory": true,
          "name": "sounds/music/game/left_to_bloom",
          "stream": true,
          "volume": 0.40,
          "weight": 2
        },
        {
          "load_on_low_memory": true,
          "name": "sounds/music/game/one_more_day",
          "stream": true,
          "volume": 0.40,
          "weight": 1
        },
        {
          "load_on_low_memory": true,
          "name": "sounds/music/game/floating_dream",
          "stream": true,
          "volume": 0.40,
          "weight": 1
        },
        {
          "load_on_low_memory": true,
          "name": "sounds/music/game/piano3",
          "stream": true,
          "weight": 1
        },
        {
          "load_on_low_memory": true,
          "name": "sounds/music/game/calm1",
          "stream": true,
          "weight": 1
        },
        {
          "load_on_low_memory": true,
          "name": "sounds/music/game/calm2",
          "stream": true,
          "weight": 1
        },
        {
          "load_on_low_memory": true,
          "name": "sounds/music/game/calm3",
          "stream": true,
          "weight": 1
        }
      ]
    },
    "music.game.meadow": {
      "category": "music",
      "sounds": [
        {
          "load_on_low_memory": true,
          "name": "sounds/music/game/one_more_day",
          "stream": true,
          "volume": 0.40,
          "weight": 2
        },
        {
          "load_on_low_memory": true,
          "name": "sounds/music/game/left_to_bloom",
          "stream": true,
          "volume": 0.40,
          "weight": 1
        },
        {
          "load_on_low_memory": true,
          "name": "sounds/music/game/hal1",
          "stream": true,
          "weight": 1
        },
        {
          "load_on_low_memory": true,
          "name": "sounds/music/game/hal2",
          "stream": true,
          "weight": 1
        },
        {
          "load_on_low_memory": true,
          "name": "sounds/music/game/hal3",
          "stream": true,
          "weight": 1
        },
        {
          "load_on_low_memory": true,
          "name": "sounds/music/game/hal4",
          "stream": true,
          "weight": 1
        }
      ]
    },
    "music.game.frozen_peaks": {
      "category": "music",
      "sounds": [
        {
          "load_on_low_memory": true,
          "name": "sounds/music/game/stand_tall",
          "stream": true,
          "volume": 0.40,
          "weight": 2
        },
        {
          "load_on_low_memory": true,
          "name": "sounds/music/game/one_more_day",
          "stream": true,
          "volume": 0.40,
          "weight": 1
        },
        {
          "load_on_low_memory": true,
          "name": "sounds/music/game/piano1",
          "stream": true,
          "weight": 1
        },
        {
          "load_on_low_memory": true,
          "name": "sounds/music/game/piano2",
          "stream": true,
          "weight": 1
        },
        {
          "load_on_low_memory": true,
          "name": "sounds/music/game/piano3",
          "stream": true,
          "weight": 1
        },
        {
          "load_on_low_memory": true,
          "name": "sounds/music/game/hal1",
          "stream": true,
          "weight": 1
        },
        {
          "load_on_low_memory": true,
          "name": "sounds/music/game/hal2",
          "stream": true,
          "weight": 1
        },
        {
          "load_on_low_memory": true,
          "name": "sounds/music/game/hal3",
          "stream": true,
          "weight": 1
        },
        {
          "load_on_low_memory": true,
          "name": "sounds/music/game/hal4",
          "stream": true,
          "weight": 1
        }
      ]
    },
    "music.game.snowy_slopes": {
      "category": "music",
      "sounds": [
        {
          "load_on_low_memory": true,
          "name": "sounds/music/game/an_ordinary_day",
          "stream": true,
          "volume": 0.40,
          "weight": 1
        },
        {
          "load_on_low_memory": true,
          "name": "sounds/music/game/stand_tall",
          "stream": true,
          "volume": 0.40,
          "weight": 1
        },
        {
          "load_on_low_memory": true,
          "name": "sounds/music/game/one_more_day",
          "stream": true,
          "volume": 0.40,
          "weight": 1
        },
        {
          "load_on_low_memory": true,
          "name": "sounds/music/game/hal1",
          "stream": true,
          "weight": 1
        },
        {
          "load_on_low_memory": true,
          "name": "sounds/music/game/hal2",
          "stream": true,
          "weight": 1
        },
        {
          "load_on_low_memory": true,
          "name": "sounds/music/game/hal3",
          "stream": true,
          "weight": 1
        }
      ]
    },
    "music.game.stony_peaks": {
      "category": "music",
      "sounds": [
        {
          "load_on_low_memory": true,
          "name": "sounds/music/game/stand_tall",
          "stream": true,
          "volume": 0.40,
          "weight": 2
        },
        {
          "load_on_low_memory": true,
          "name": "sounds/music/game/wending",
          "stream": true,
          "volume": 0.40,
          "weight": 1
        },
        {
          "load_on_low_memory": true,
          "name": "sounds/music/game/piano1",
          "stream": true,
          "weight": 1
        },
        {
          "load_on_low_memory": true,
          "name": "sounds/music/game/piano2",
          "stream": true,
          "weight": 1
        },
        {
          "load_on_low_memory": true,
          "name": "sounds/music/game/piano3",
          "stream": true,
          "weight": 1
        },
        {
          "load_on_low_memory": true,
          "name": "sounds/music/game/hal1",
          "stream": true,
          "weight": 1
        },
        {
          "load_on_low_memory": true,
          "name": "sounds/music/game/hal2",
          "stream": true,
          "weight": 1
        },
        {
          "load_on_low_memory": true,
          "name": "sounds/music/game/hal3",
          "stream": true,
          "weight": 1
        },
        {
          "load_on_low_memory": true,
          "name": "sounds/music/game/hal4",
          "stream": true,
          "weight": 1
        }
      ]
    },
    "music.game.basalt_deltas": {
      "category": "music",
      "sounds": [
        {
          "name": "sounds/music/game/nether/so_below",
          "stream": true,
          "load_on_low_memory": true,
          "volume": 0.5,
          "weight": 7
        },
        {
          "name": "sounds/music/game/nether/nether1",
          "stream": true,
          "load_on_low_memory": true,
          "weight": 1
        },
        {
          "name": "sounds/music/game/nether/nether2",
          "stream": true,
          "load_on_low_memory": true,
          "weight": 1
        },
        {
          "name": "sounds/music/game/nether/nether3",
          "stream": true,
          "load_on_low_memory": true,
          "weight": 1
        },
        {
          "name": "sounds/music/game/nether/nether4",
          "stream": true,
          "load_on_low_memory": true,
          "weight": 1
        }
      ]
    },
    "music.game.crimson_forest": {
      "category": "music",
      "sounds": [
        {
          "name": "sounds/music/game/nether/chrysopoeia",
          "stream": true,
          "load_on_low_memory": true,
          "volume": 0.5,
          "weight": 7
        },
        {
          "name": "sounds/music/game/nether/nether1",
          "stream": true,
          "load_on_low_memory": true,
          "weight": 1
        },
        {
          "name": "sounds/music/game/nether/nether2",
          "stream": true,
          "load_on_low_memory": true,
          "weight": 1
        },
        {
          "name": "sounds/music/game/nether/nether3",
          "stream": true,
          "load_on_low_memory": true,
          "weight": 1
        },
        {
          "name": "sounds/music/game/nether/nether4",
          "stream": true,
          "load_on_low_memory": true,
          "weight": 1
        }
      ]
    },
    "music.game.nether_wastes": {
      "category": "music",
      "sounds": [
        {
          "name": "sounds/music/game/nether/rubedo",
          "stream": true,
          "load_on_low_memory": true,
          "volume": 0.5,
          "weight": 6
        },
        {
          "name": "sounds/music/game/nether/nether1",
          "stream": true,
          "load_on_low_memory": true,
          "weight": 1
        },
        {
          "name": "sounds/music/game/nether/nether2",
          "stream": true,
          "load_on_low_memory": true,
          "weight": 1
        },
        {
          "name": "sounds/music/game/nether/nether3",
          "stream": true,
          "load_on_low_memory": true,
          "weight": 1
        },
        {
          "name": "sounds/music/game/nether/nether4",
          "stream": true,
          "load_on_low_memory": true,
          "weight": 1
        }
      ]
    },
    "music.game.soul_sand_valley": {
      "category": "music",
      "sounds": [
        {
          "name": "sounds/music/game/nether/so_below",
          "stream": true,
          "load_on_low_memory": true,
          "volume": 0.5,
          "weight": 7
        },
        {
          "name": "sounds/music/game/nether/nether1",
          "stream": true,
          "load_on_low_memory": true,
          "weight": 1
        },
        {
          "name": "sounds/music/game/nether/nether2",
          "stream": true,
          "load_on_low_memory": true,
          "weight": 1
        },
        {
          "name": "sounds/music/game/nether/nether3",
          "stream": true,
          "load_on_low_memory": true,
          "weight": 1
        },
        {
          "name": "sounds/music/game/nether/nether4",
          "stream": true,
          "load_on_low_memory": true,
          "weight": 1
        }
      ]
    },
    "music.game.warped_forest": {
      "category": "music",
      "sounds": []
    },
    "record.otherside": {
      "max_distance": 64.0,
      "sounds": [
        {
          "name": "sounds/music/game/records/otherside",
          "stream": true,
          "volume": 0.5,
          "load_on_low_memory": true
        }
      ]
    }
  }
}
  