{
  "format_version": "1.18.10",
  "minecraft:camera_entity": {
    "description": {
      "identifier": "minecraft:third_person_front"
    },
    "components": {
      "minecraft:camera": {
        "field_of_view": 66.0,
        "near_clipping_plane": 0.025,
        "far_clipping_plane": 2500.0
      },
      "minecraft:camera_render_player_model": {},
      "minecraft:camera_blend_in_default": {
        "blend_time": 0.0,
        "camera_from_accepts_input": false,
        "camera_to_accepts_input": false
      },
      "minecraft:camera_attach_to_player": {
        "offset": [ 0.0, 2.0, 5.0 ]
      },
      "minecraft:camera_look_at_player": {
        "soft_bounds": [ 0.0, 0.0, 0.0, 0.0 ],
        "hard_bounds": [ 0.0, 0.0, 0.0, 0.0 ],
        "soft_bounds_smoothing_spring": 64
      },
      "minecraft:camera_orbit": {
        "azimuth_smoothing_spring": 0,
        "polar_angle_smoothing_spring": 0,
        "distance_smoothing_spring": 0,
        "polar_angle_min": 0.1,
        "polar_angle_max": 179.9,
        "radius": 4.0,
        "invert_x_input": true
      },
      "minecraft:camera_avoidance": {
        "relax_distance_smoothing_spring": 0.0,
        "distance_constraint_min": 0.25
      },
      "minecraft:camera_option_activation": {
        "view_mode": "third_person_front"
      },
      "minecraft:update_player_from_camera": {
        "look_mode": "at_camera"
      },
      "minecraft:camera_sneak_offset": {
        "interpolation_rate": 0.03,
        "offset": -0.35
      },
      "minecraft:camera_player_sleep_vignette": {},
      "minecraft:camera_portal_distortion": {},
      "minecraft:camera_shake": {
        "frequency": 10.0,
        "amplitude": 5.0,
        "noise_multiplier": 4.0
      },
      "minecraft:camera_liquid_offset": {},
      "minecraft:camera_player_bob": {}
    }
  }
}
