{
  "piece_id": "52dd0726-cd68-4d7d-8561-515a4866de39",
  "piece_name": "straight",
  "piece_type": "persona_mouth",
  "texture_sources": [
    {
      "texture": "straight_head.png",
      "tint_map": "straight_head_tintmap.tga",
      "use_face_uv": true
    }
  ],
  "tint_base_color": {
    "r_color": "#000000",
    "g_color": "#000000",
    "b_color": "#91361F",
    "a_color": "#000000"
  },
  "tint_color": {
    "r_color": "#000000",
    "g_color": "#000000",
    "b_color": "#91361F",
    "a_color": "#000000"
  }
}