{
  "format_version": [
    1,
    1,
    0
  ],
  "mangrove_leaves": {
    "textures": "mangrove_leaves",
    "carried_textures": "mangrove_leaves_carried",
    "brightness_gamma": 0.80,
    "sound": "grass"
  },
  "mangrove_propagule": {
    "textures": "mangrove_propagule",
    "carried_textures": "mangrove_propagule_item",
    "sound": "grass"
  },
  "mangrove_roots": {
    "textures": {
      "up": "mangrove_roots_top",
      "down": "mangrove_roots_top",
      "north": "mangrove_roots_side",
      "south": "mangrove_roots_side",
      "west": "mangrove_roots_side",
      "east": "mangrove_roots_side"
    },
    "sound": "mangrove_roots"
  },
  "muddy_mangrove_roots": {
    "textures": {
      "up": "muddy_mangrove_roots_top",
      "down": "muddy_mangrove_roots_top",
      "north": "muddy_mangrove_roots_side",
      "south": "muddy_mangrove_roots_side",
      "west": "muddy_mangrove_roots_side",
      "east": "muddy_mangrove_roots_side"
    },
    "sound": "muddy_mangrove_roots"
  },
  "mangrove_log": {
    "textures": {
      "up": "mangrove_log_top",
      "down": "mangrove_log_top",
      "side": "mangrove_log_side"
    },
    "sound": "wood"
  },
  "stripped_mangrove_log": {
    "textures": {
      "up": "stripped_mangrove_log_top",
      "down": "stripped_mangrove_log_top",
      "side": "stripped_mangrove_log_side"
    },
    "sound": "wood"
  },
  "mangrove_planks": {
    "textures": "mangrove_planks",
    "sound": "wood"
  },
  "mangrove_button": {
    "textures": "mangrove_planks",
    "sound": "wood"
  },
  "mangrove_stairs": {
    "textures": "mangrove_planks",
    "sound": "wood"
  },
  "mangrove_slab": {
    "textures": "mangrove_planks",
    "sound": "wood"
  },
  "mangrove_pressure_plate": {
    "textures": "mangrove_planks",
    "sound": "wood"
  },
  "mangrove_fence": {
    "textures": "mangrove_planks",
    "sound": "wood"
  },
  "mangrove_fence_gate": {
    "textures": "mangrove_planks",
    "sound": "wood"
  },
  "mangrove_door": {
    "textures": {
      "up": "mangrove_door_bottom",
      "down": "mangrove_door_bottom",
      "side": "mangrove_door_top"
    },
    "sound": "wood"
  },
  "mangrove_standing_sign": {
    "textures": "mangrove_sign",
    "sound": "wood"
  },
  "mangrove_wall_sign": {
    "textures": "mangrove_sign",
    "sound": "wood"
  },
  "mangrove_trapdoor": {
    "textures": "mangrove_trapdoor",
    "sound": "wood"
  },
  "mangrove_wood": {
    "textures": "mangrove_log_side",
    "sound": "wood"
  },
  "stripped_mangrove_wood": {
    "textures": "stripped_mangrove_log_side",
    "sound": "wood"
  },
  "mangrove_double_slab": {
    "textures": "mangrove_planks",
    "sound": "wood"
  },
  "sculk_sensor": {
    "textures": {
      "up": "sculk_sensor_top",
      "down": "sculk_sensor_bottom",
      "side": "sculk_sensor_side"
    },
    "carried_textures": {
      "up": "sculk_sensor_tendril_inactive",
      "down": "sculk_sensor_tendril_inactive",
      "side": "sculk_sensor_tendril_active"
    },
    "sound": "sculk_sensor"
  },
  "sculk": {
    "isotropic": true,
    "textures": "sculk",
    "sound": "sculk"
  },
  "sculk_vein": {
    "textures": "sculk_vein",
    "sound": "sculk_vein"
  },
  "sculk_catalyst": {
    "textures": {
      "up": "sculk_catalyst_top",
      "down": "sculk_catalyst_bottom",
      "side": "sculk_catalyst_side"
    },
    "sound": "sculk_catalyst"
  },
  "sculk_shrieker": {
    "textures": {
      "up": "sculk_shrieker_top",
      "down": "sculk_shrieker_bottom",
      "side": "sculk_shrieker_side"
    },
    "carried_textures": "sculk_shrieker_inner_top",
    "sound": "sculk_shrieker"
  },
  "frog_spawn": {
    "textures": "frog_spawn",
    "sound": "frog_spawn"
  },
  "pearlescent_froglight": {
    "textures": {
      "up": "pearlescent_froglight_top",
      "down": "pearlescent_froglight_top",
      "side": "pearlescent_froglight_side"
    },
    "sound": "froglight"
  },
  "verdant_froglight": {
    "textures": {
      "up": "verdant_froglight_top",
      "down": "verdant_froglight_top",
      "side": "verdant_froglight_side"
    },
    "sound": "froglight"
  },
  "ochre_froglight": {
    "textures": {
      "up": "ochre_froglight_top",
      "down": "ochre_froglight_top",
      "side": "ochre_froglight_side"
    },
    "sound": "froglight"
  },
  "mud": {
    "textures": "mud",
    "sound": "mud"
  },
  "packed_mud": {
    "textures": "packed_mud",
    "sound": "packed_mud"
  },
  "mud_bricks": {
    "textures": "mud_bricks",
    "sound": "mud_bricks"
  },
  "mud_brick_slab": {
    "isotropic": false,
    "textures": "mud_bricks",
    "sound": "mud_bricks"
  },
  "mud_brick_double_slab": {
    "isotropic": false,
    "textures": "mud_bricks",
    "sound": "mud_bricks"
  },
  "mud_brick_stairs": {
    "isotropic": false,
    "textures": "mud_bricks",
    "sound": "mud_bricks"
  },
  "mud_brick_wall": {
    "isotropic": false,
    "textures": "mud_bricks",
    "sound": "mud_bricks"
  },
  "reinforced_deepslate": {
    "textures": {
      "up": "reinforced_deepslate_top",
      "down": "reinforced_deepslate_bottom",
      "side": "reinforced_deepslate_side"
    },
    "sound": "deepslate"
  }
}
