{
    "content": [
        {
            "path": "biomes_client.json"
        },
        {
            "path": "blocks.json"
        },
        {
            "path": "manifest.json"
        },
        {
            "path": "sounds.json"
        },
        {
            "path": "animations/allay.animation.json"
        },
        {
            "path": "animations/frog.animation.json"
        },
        {
            "path": "animations/tadpole.animation.json"
        },
        {
            "path": "animations/warden.animation.json"
        },
        {
            "path": "animation_controllers/allay.animation_controllers.json"
        },
        {
            "path": "animation_controllers/frog.animation_controllers.json"
        },
        {
            "path": "animation_controllers/tadpole.animation_controllers.json"
        },
        {
            "path": "animation_controllers/warden.animation_controllers.json"
        },
        {
            "path": "entity/allay.entity.json"
        },
        {
            "path": "entity/boat.entity.json"
        },
        {
            "path": "entity/chest_boat.entity.json"
        },
        {
            "path": "entity/frog.entity.json"
        },
        {
            "path": "entity/tadpole.entity.json"
        },
        {
            "path": "entity/warden.entity.json"
        },
        {
            "path": "fogs/bamboo_jungle_fog_setting.json"
        },
        {
            "path": "fogs/bamboo_jungle_hills_fog_setting.json"
        },
        {
            "path": "fogs/basalt_deltas_fog_setting.json"
        },
        {
            "path": "fogs/beach_fog_setting.json"
        },
        {
            "path": "fogs/birch_forest_fog_setting.json"
        },
        {
            "path": "fogs/birch_forest_hills_fog_setting.json"
        },
        {
            "path": "fogs/cold_beach_fog_setting.json"
        },
        {
            "path": "fogs/cold_ocean_fog_setting.json"
        },
        {
            "path": "fogs/cold_taiga_fog_setting.json"
        },
        {
            "path": "fogs/cold_taiga_hills_fog_setting.json"
        },
        {
            "path": "fogs/cold_taiga_mutated_fog_setting.json"
        },
        {
            "path": "fogs/crimson_forest_fog_setting.json"
        },
        {
            "path": "fogs/deep_cold_ocean_fog_setting.json"
        },
        {
            "path": "fogs/deep_frozen_ocean_fog_setting.json"
        },
        {
            "path": "fogs/deep_lukewarm_ocean_fog_setting.json"
        },
        {
            "path": "fogs/deep_ocean_fog_setting.json"
        },
        {
            "path": "fogs/deep_warm_ocean_fog_setting.json"
        },
        {
            "path": "fogs/default_fog_setting.json"
        },
        {
            "path": "fogs/desert_fog_setting.json"
        },
        {
            "path": "fogs/desert_hills_fog_setting.json"
        },
        {
            "path": "fogs/extreme_hills_edge_fog_setting.json"
        },
        {
            "path": "fogs/extreme_hills_fog_setting.json"
        },
        {
            "path": "fogs/extreme_hills_mutated_fog_setting.json"
        },
        {
            "path": "fogs/extreme_hills_plus_trees_fog_setting.json"
        },
        {
            "path": "fogs/extreme_hills_plus_trees_mutated_fog_setting.json"
        },
        {
            "path": "fogs/flower_forest_fog_setting.json"
        },
        {
            "path": "fogs/forest_fog_setting.json"
        },
        {
            "path": "fogs/forest_hills_fog_setting.json"
        },
        {
            "path": "fogs/frozen_ocean_fog_setting.json"
        },
        {
            "path": "fogs/frozen_river_fog_setting.json"
        },
        {
            "path": "fogs/hell_fog_setting.json"
        },
        {
            "path": "fogs/ice_mountains_fog_setting.json"
        },
        {
            "path": "fogs/ice_plains_fog_setting.json"
        },
        {
            "path": "fogs/ice_plains_spikes_fog_setting.json"
        },
        {
            "path": "fogs/jungle_edge_fog_setting.json"
        },
        {
            "path": "fogs/jungle_fog_setting.json"
        },
        {
            "path": "fogs/jungle_hills_fog_setting.json"
        },
        {
            "path": "fogs/jungle_mutated_fog_setting.json"
        },
        {
            "path": "fogs/lukewarm_ocean_fog_setting.json"
        },
        {
            "path": "fogs/mangrove_swamp_fog_setting.json"
        },
        {
            "path": "fogs/mega_spruce_taiga_fog_setting.json"
        },
        {
            "path": "fogs/mega_spruse_taiga_mutated_fog_setting.json"
        },
        {
            "path": "fogs/mega_taiga_fog_setting.json"
        },
        {
            "path": "fogs/mega_taiga_hills_fog_setting.json"
        },
        {
            "path": "fogs/mega_taiga_mutated_fog_setting.json"
        },
        {
            "path": "fogs/mesa_bryce_fog_setting.json"
        },
        {
            "path": "fogs/mesa_fog_setting.json"
        },
        {
            "path": "fogs/mesa_mutated_fog_setting.json"
        },
        {
            "path": "fogs/mesa_plateau_fog_setting.json"
        },
        {
            "path": "fogs/mesa_plateau_stone_fog_setting.json"
        },
        {
            "path": "fogs/mushroom_island_fog_setting.json"
        },
        {
            "path": "fogs/mushroom_island_shore_fog_setting.json"
        },
        {
            "path": "fogs/ocean_fog_setting.json"
        },
        {
            "path": "fogs/plains_fog_setting.json"
        },
        {
            "path": "fogs/river_fog_setting.json"
        },
        {
            "path": "fogs/roofed_forest_fog_setting.json"
        },
        {
            "path": "fogs/savanna_fog_setting.json"
        },
        {
            "path": "fogs/savanna_mutated_fog_setting.json"
        },
        {
            "path": "fogs/savanna_plateau_fog_setting.json"
        },
        {
            "path": "fogs/soulsand_valley_fog_setting.json"
        },
        {
            "path": "fogs/stone_beach_fog_setting.json"
        },
        {
            "path": "fogs/sunflower_plains_fog_setting.json"
        },
        {
            "path": "fogs/swampland_fog_setting.json"
        },
        {
            "path": "fogs/swampland_mutated_fog_setting.json"
        },
        {
            "path": "fogs/taiga_fog_setting.json"
        },
        {
            "path": "fogs/taiga_hills_fog_setting.json"
        },
        {
            "path": "fogs/taiga_mutated_fog_setting.json"
        },
        {
            "path": "fogs/the_end_fog_setting.json"
        },
        {
            "path": "fogs/warm_ocean_fog_setting.json"
        },
        {
            "path": "fogs/warped_forest_fog_setting.json"
        },
        {
            "path": "models/entity/allay.geo.json"
        },
        {
            "path": "models/entity/frog.geo.json"
        },
        {
            "path": "models/entity/spider.geo.json"
        },
        {
            "path": "models/entity/tadpole.geo.json"
        },
        {
            "path": "models/entity/warden.geo.json"
        },
        {
            "path": "particles/sculk_charge.json"
        },
        {
            "path": "particles/sculk_charge_pop.json"
        },
        {
            "path": "particles/sculk_sensor_redstone_particle.json"
        },
        {
            "path": "particles/sculk_soul.json"
        },
        {
            "path": "particles/shriek.json"
        },
        {
            "path": "particles/sonic_explosion.json"
        },
        {
            "path": "particles/vibration_signal.json"
        },
        {
            "path": "particles/warden_dig.particle.json"
        },
        {
            "path": "render_controllers/allay.render_controllers.json"
        },
        {
            "path": "render_controllers/frog.render_controllers.json"
        },
        {
            "path": "render_controllers/tadpole.render_controllers.json"
        },
        {
            "path": "render_controllers/warden.render_controllers.json"
        },
        {
            "path": "sounds/music_definitions.json"
        },
        {
            "path": "sounds/sound_definitions.json"
        },
        {
            "path": "textures/flipbook_textures.json"
        },
        {
            "path": "textures/item_texture.json"
        },
        {
            "path": "textures/terrain_texture.json"
        },
        {
            "path": "textures/textures_list.json"
        },
        {
            "path": "textures/blocks/brewing_stand.png"
        },
        {
            "path": "textures/blocks/brewing_stand_base.png"
        },
        {
            "path": "textures/blocks/endframe_side.png"
        },
        {
            "path": "textures/blocks/end_rod.png"
        },
        {
            "path": "textures/blocks/frogspawn.png"
        },
        {
            "path": "textures/blocks/mangrove_door_bottom.png"
        },
        {
            "path": "textures/blocks/mangrove_door_top.png"
        },
        {
            "path": "textures/blocks/mangrove_leaves.tga"
        },
        {
            "path": "textures/blocks/mangrove_leaves_carried.tga"
        },
        {
            "path": "textures/blocks/mangrove_log_side.png"
        },
        {
            "path": "textures/blocks/mangrove_log_top.png"
        },
        {
            "path": "textures/blocks/mangrove_planks.png"
        },
        {
            "path": "textures/blocks/mangrove_propagule.png"
        },
        {
            "path": "textures/blocks/mangrove_propagule_hanging.png"
        },
        {
            "path": "textures/blocks/mangrove_roots_side.png"
        },
        {
            "path": "textures/blocks/mangrove_roots_top.png"
        },
        {
            "path": "textures/blocks/mangrove_trapdoor.png"
        },
        {
            "path": "textures/blocks/mud.png"
        },
        {
            "path": "textures/blocks/muddy_mangrove_roots_side.png"
        },
        {
            "path": "textures/blocks/muddy_mangrove_roots_top.png"
        },
        {
            "path": "textures/blocks/mud_bricks.png"
        },
        {
            "path": "textures/blocks/mycelium_side.png"
        },
        {
            "path": "textures/blocks/ochre_froglight_side.png"
        },
        {
            "path": "textures/blocks/ochre_froglight_top.png"
        },
        {
            "path": "textures/blocks/packed_mud.png"
        },
        {
            "path": "textures/blocks/pearlescent_froglight_side.png"
        },
        {
            "path": "textures/blocks/pearlescent_froglight_top.png"
        },
        {
            "path": "textures/blocks/reinforced_deepslate_bottom.png"
        },
        {
            "path": "textures/blocks/reinforced_deepslate_side.png"
        },
        {
            "path": "textures/blocks/reinforced_deepslate_top.png"
        },
        {
            "path": "textures/blocks/sculk.png"
        },
        {
            "path": "textures/blocks/sculk_catalyst_bottom.png"
        },
        {
            "path": "textures/blocks/sculk_catalyst_side.png"
        },
        {
            "path": "textures/blocks/sculk_catalyst_side_bloom.png"
        },
        {
            "path": "textures/blocks/sculk_catalyst_top.png"
        },
        {
            "path": "textures/blocks/sculk_catalyst_top_bloom.png"
        },
        {
            "path": "textures/blocks/sculk_sensor_bottom.png"
        },
        {
            "path": "textures/blocks/sculk_sensor_side.png"
        },
        {
            "path": "textures/blocks/sculk_sensor_tendril_active.png"
        },
        {
            "path": "textures/blocks/sculk_sensor_tendril_inactive.png"
        },
        {
            "path": "textures/blocks/sculk_sensor_top.png"
        },
        {
            "path": "textures/blocks/sculk_shrieker_bottom.png"
        },
        {
            "path": "textures/blocks/sculk_shrieker_can_summon_inner_top.png"
        },
        {
            "path": "textures/blocks/sculk_shrieker_inner_top.png"
        },
        {
            "path": "textures/blocks/sculk_shrieker_side.png"
        },
        {
            "path": "textures/blocks/sculk_shrieker_top.png"
        },
        {
            "path": "textures/blocks/sculk_vein.png"
        },
        {
            "path": "textures/blocks/stripped_mangrove_log_side.png"
        },
        {
            "path": "textures/blocks/stripped_mangrove_log_top.png"
        },
        {
            "path": "textures/blocks/verdant_froglight_side.png"
        },
        {
            "path": "textures/blocks/verdant_froglight_top.png"
        },
        {
            "path": "textures/colormap/mangrove_swamp_foliage.png"
        },
        {
            "path": "textures/entity/mangrove_sign.png"
        },
        {
            "path": "textures/entity/allay/allay.png"
        },
        {
            "path": "textures/entity/boat/chest_boat_acacia.png"
        },
        {
            "path": "textures/entity/boat/chest_boat_birch.png"
        },
        {
            "path": "textures/entity/boat/chest_boat_darkoak.png"
        },
        {
            "path": "textures/entity/boat/chest_boat_jungle.png"
        },
        {
            "path": "textures/entity/boat/chest_boat_mangrove.png"
        },
        {
            "path": "textures/entity/boat/chest_boat_oak.png"
        },
        {
            "path": "textures/entity/boat/chest_boat_spruce.png"
        },
        {
            "path": "textures/entity/boat/mangrove_boat.png"
        },
        {
            "path": "textures/entity/frog/cold_frog.png"
        },
        {
            "path": "textures/entity/frog/temperate_frog.png"
        },
        {
            "path": "textures/entity/frog/warm_frog.png"
        },
        {
            "path": "textures/entity/tadpole/tadpole.png"
        },
        {
            "path": "textures/entity/warden/warden.png"
        },
        {
            "path": "textures/entity/warden/warden_bioluminescent_layer.png"
        },
        {
            "path": "textures/entity/warden/warden_ears.png"
        },
        {
            "path": "textures/entity/warden/warden_heart.png"
        },
        {
            "path": "textures/entity/warden/warden_pulsating_spots_1.png"
        },
        {
            "path": "textures/entity/warden/warden_pulsating_spots_2.png"
        },
        {
            "path": "textures/entity/warden/warden_tendrils.png"
        },
        {
            "path": "textures/items/acacia_chest_boat.png"
        },
        {
            "path": "textures/items/birch_chest_boat.png"
        },
        {
            "path": "textures/items/boat_acacia.png"
        },
        {
            "path": "textures/items/boat_birch.png"
        },
        {
            "path": "textures/items/boat_darkoak.png"
        },
        {
            "path": "textures/items/boat_jungle.png"
        },
        {
            "path": "textures/items/boat_oak.png"
        },
        {
            "path": "textures/items/boat_spruce.png"
        },
        {
            "path": "textures/items/bucket_tadpole.png"
        },
        {
            "path": "textures/items/dark_oak_chest_boat.png"
        },
        {
            "path": "textures/items/disc_fragment_5.png"
        },
        {
            "path": "textures/items/echo_shard.png"
        },
        {
            "path": "textures/items/goat_horn.png"
        },
        {
            "path": "textures/items/jungle_chest_boat.png"
        },
        {
            "path": "textures/items/mangrove_boat.png"
        },
        {
            "path": "textures/items/mangrove_chest_boat.png"
        },
        {
            "path": "textures/items/mangrove_door.png"
        },
        {
            "path": "textures/items/mangrove_propagule.png"
        },
        {
            "path": "textures/items/mangrove_sign.png"
        },
        {
            "path": "textures/items/oak_chest_boat.png"
        },
        {
            "path": "textures/items/record_5.png"
        },
        {
            "path": "textures/items/recovery_compass_atlas.png"
        },
        {
            "path": "textures/items/recovery_compass_item.png"
        },
        {
            "path": "textures/items/spruce_chest_boat.png"
        },
        {
            "path": "textures/particle/sculk_charge.png"
        },
        {
            "path": "textures/particle/sculk_charge_pop.png"
        },
        {
            "path": "textures/particle/sculk_soul.png"
        },
        {
            "path": "textures/particle/shriek.png"
        },
        {
            "path": "textures/particle/sonic_explosion.png"
        },
        {
            "path": "textures/particle/vibration_signal.png"
        }
    ]
}
