{
    "content": [
        {
            "path": "blocks.json"
        },
        {
            "path": "manifest.json"
        },
        {
            "path": "sounds.json"
        },
        {
            "path": "entity/elder_guardian.entity.json"
        },
        {
            "path": "entity/elder_guardian.entity.v1.0.json"
        },
        {
            "path": "entity/guardian.entity.json"
        },
        {
            "path": "entity/guardian.entity.v1.0.json"
        },
        {
            "path": "models/entity/axolotl.geo.json"
        },
        {
            "path": "models/entity/goat.geo.json"
        },
        {
            "path": "particles/candle_flame.json"
        },
        {
            "path": "sounds/sound_definitions.json"
        },
        {
            "path": "textures/terrain_texture.json"
        },
        {
            "path": "textures/textures_list.json"
        },
        {
            "path": "textures/blocks/potted_azalea_bush_plant.png"
        },
        {
            "path": "textures/blocks/potted_azalea_bush_side.png"
        },
        {
            "path": "textures/blocks/potted_azalea_bush_top.png"
        },
        {
            "path": "textures/blocks/potted_flowering_azalea_bush_plant.png"
        },
        {
            "path": "textures/blocks/potted_flowering_azalea_bush_side.png"
        },
        {
            "path": "textures/blocks/potted_flowering_azalea_bush_top.png"
        },
        {
            "path": "textures/blocks/candles/black_candle.png"
        },
        {
            "path": "textures/blocks/candles/black_candle_lit.png"
        },
        {
            "path": "textures/blocks/candles/blue_candle.png"
        },
        {
            "path": "textures/blocks/candles/blue_candle_lit.png"
        },
        {
            "path": "textures/blocks/candles/brown_candle.png"
        },
        {
            "path": "textures/blocks/candles/brown_candle_lit.png"
        },
        {
            "path": "textures/blocks/candles/candle.png"
        },
        {
            "path": "textures/blocks/candles/candle_lit.png"
        },
        {
            "path": "textures/blocks/candles/cyan_candle.png"
        },
        {
            "path": "textures/blocks/candles/cyan_candle_lit.png"
        },
        {
            "path": "textures/blocks/candles/gray_candle.png"
        },
        {
            "path": "textures/blocks/candles/gray_candle_lit.png"
        },
        {
            "path": "textures/blocks/candles/green_candle.png"
        },
        {
            "path": "textures/blocks/candles/green_candle_lit.png"
        },
        {
            "path": "textures/blocks/candles/light_blue_candle.png"
        },
        {
            "path": "textures/blocks/candles/light_blue_candle_lit.png"
        },
        {
            "path": "textures/blocks/candles/light_gray_candle.png"
        },
        {
            "path": "textures/blocks/candles/light_gray_candle_lit.png"
        },
        {
            "path": "textures/blocks/candles/lime_candle.png"
        },
        {
            "path": "textures/blocks/candles/lime_candle_lit.png"
        },
        {
            "path": "textures/blocks/candles/magenta_candle.png"
        },
        {
            "path": "textures/blocks/candles/magenta_candle_lit.png"
        },
        {
            "path": "textures/blocks/candles/orange_candle.png"
        },
        {
            "path": "textures/blocks/candles/orange_candle_lit.png"
        },
        {
            "path": "textures/blocks/candles/pink_candle.png"
        },
        {
            "path": "textures/blocks/candles/pink_candle_lit.png"
        },
        {
            "path": "textures/blocks/candles/purple_candle.png"
        },
        {
            "path": "textures/blocks/candles/purple_candle_lit.png"
        },
        {
            "path": "textures/blocks/candles/red_candle.png"
        },
        {
            "path": "textures/blocks/candles/red_candle_lit.png"
        },
        {
            "path": "textures/blocks/candles/white_candle.png"
        },
        {
            "path": "textures/blocks/candles/white_candle_lit.png"
        },
        {
            "path": "textures/blocks/candles/yellow_candle.png"
        },
        {
            "path": "textures/blocks/candles/yellow_candle_lit.png"
        },
        {
            "path": "textures/items/candles/black_candle.png"
        },
        {
            "path": "textures/items/candles/blue_candle.png"
        },
        {
            "path": "textures/items/candles/brown_candle.png"
        },
        {
            "path": "textures/items/candles/candle.png"
        },
        {
            "path": "textures/items/candles/cyan_candle.png"
        },
        {
            "path": "textures/items/candles/gray_candle.png"
        },
        {
            "path": "textures/items/candles/green_candle.png"
        },
        {
            "path": "textures/items/candles/light_blue_candle.png"
        },
        {
            "path": "textures/items/candles/light_gray_candle.png"
        },
        {
            "path": "textures/items/candles/lime_candle.png"
        },
        {
            "path": "textures/items/candles/magenta_candle.png"
        },
        {
            "path": "textures/items/candles/orange_candle.png"
        },
        {
            "path": "textures/items/candles/pink_candle.png"
        },
        {
            "path": "textures/items/candles/purple_candle.png"
        },
        {
            "path": "textures/items/candles/red_candle.png"
        },
        {
            "path": "textures/items/candles/white_candle.png"
        },
        {
            "path": "textures/items/candles/yellow_candle.png"
        }
    ]
}
