{
	"format_version": "1.12.0",
	"minecraft:geometry": [
		{
			"description": {
				"identifier": "geometry.sniffer",
				"texture_width": 192,
				"texture_height": 192,
				"visible_bounds_width": 4,
				"visible_bounds_height": 3.5,
				"visible_bounds_offset": [0, 1.25, 0]
			},
			"bones": [
				{
					"name": "bone",
					"pivot": [0, 19, 0]
				},
				{
					"name": "body",
					"parent": "bone",
					"pivot": [0, 0, 0],
					"cubes": [
						{"origin": [-12.5, 9, -20], "size": [25, 24, 40], "inflate": 0.5, "uv": [62, 0]},
						{"origin": [-12.5, 4, -20], "size": [25, 29, 40], "uv": [62, 68]},
						{"origin": [-12.5, 8, -20], "size": [25, 0, 40], "uv": [87, 68]}
					],
					"locators": {
						"lead": [0.0, 13, -19]
					}
				},
				{
					"name": "head",
					"parent": "body",
					"pivot": [0, 13.5, -19.5],
					"cubes": [
						{"origin": [-6.5, 3, -31], "size": [13, 18, 11], "uv": [8, 15]},
						{"origin": [-6.5, 6, -31], "size": [13, 0, 11], "uv": [8, 4]}
					]
				},
				{
					"name": "left_ear",
					"parent": "head",
					"pivot": [6.5, 21, -24],
					"cubes": [
						{"origin": [6.5, 2, -27], "size": [1, 19, 7], "uv": [2, 0]}
					]
				},
				{
					"name": "right_ear",
					"parent": "head",
					"pivot": [-6.5, 21, -24],
					"cubes": [
						{"origin": [-7.5, 2, -27], "size": [1, 19, 7], "uv": [48, 0]}
					]
				},
				{
					"name": "nose",
					"parent": "head",
					"pivot": [0, 18, -31],
					"cubes": [
						{"origin": [-6.5, 18, -40], "size": [13, 2, 9], "uv": [10, 45]}
					]
				},
				{
					"name": "lower_beak",
					"parent": "head",
					"pivot": [0, 11, -32],
					"cubes": [
						{"origin": [-6.5, 6, -40], "size": [13, 12, 9], "uv": [10, 57]}
					]
				},
				{
					"name": "right_front_leg",
					"parent": "bone",
					"pivot": [-7.5, 9, -15],
					"cubes": [
						{"origin": [-11, 0, -19], "size": [7, 10, 8], "uv": [32, 87]}
					]
				},
				{
					"name": "right_mid_leg",
					"parent": "bone",
					"pivot": [-7.5, 9, 0],
					"cubes": [
						{"origin": [-11, 0, -4], "size": [7, 10, 8], "uv": [32, 105]}
					]
				},
				{
					"name": "right_hind_leg",
					"parent": "bone",
					"pivot": [-7.5, 9, 15],
					"cubes": [
						{"origin": [-11, 0, 11], "size": [7, 10, 8], "uv": [32, 123]}
					]
				},
				{
					"name": "left_front_leg",
					"parent": "bone",
					"pivot": [7.5, 9, -15],
					"cubes": [
						{"origin": [4, 0, -19], "size": [7, 10, 8], "uv": [0, 87]}
					]
				},
				{
					"name": "left_mid_leg",
					"parent": "bone",
					"pivot": [7.5, 9, 0],
					"cubes": [
						{"origin": [4, 0, -4], "size": [7, 10, 8], "uv": [0, 105]}
					]
				},
				{
					"name": "left_hind_leg",
					"parent": "bone",
					"pivot": [7.5, 9, 15],
					"cubes": [
						{"origin": [4, 0, 11], "size": [7, 10, 8], "uv": [0, 123]}
					]
				}
			]
		}
	]
}