{
  "format_version": "1.14.0",
  "sound_definitions": {
    "mob.irongolem.crack": {
      "category": "neutral",
      "sounds": [
        {
          "name": "sounds/mob/irongolem/crack1",
          "volume": 0.8
        },
        {
          "name": "sounds/mob/irongolem/crack2",
          "volume": 0.8
        },
        {
          "name": "sounds/mob/irongolem/crack1",
          "volume": 0.8,
          "pitch": 0.8
        },
        {
          "name": "sounds/mob/irongolem/crack2",
          "volume": 0.8,
          "pitch": 0.8
        }
      ]
    },
    "mob.irongolem.repair": {
      "category": "neutral",
      "sounds": [
        "sounds/mob/irongolem/repair"
      ]
    }
  }
}
