{
  "entity_sounds": {
    "entities": {
      "sniffer": {
        "volume": 1.0,
        "pitch": [ 0.8, 1.2 ],
        "events": {
          "death": "mob.sniffer.death",
          "stand_up": "mob.sniffer.stand_up",
          "digging": "mob.sniffer.digging",
          "eat": "mob.sniffer.eat",
          "happy": "mob.sniffer.happy",
          "hurt": "mob.sniffer.hurt",
          "ambient": "mob.sniffer.idle",
          "sniffsniff": "mob.sniffer.sniffsniff",
          "searching": "mob.sniffer.searching",
          "long_sniff": "mob.sniffer.long_sniff",
          "step": "mob.sniffer.step",
          "drop_seed": "mob.sniffer.drop_seed"
        }
      }
    }
  }
}