{
  "pools": [
    {
      "rolls": {
        "min": 1,
        "max": 1
      },
      "entries": [
        {
          "type": "item",
          "name": "minecraft:archer_pottery_shard",
          "weight": 1
        },
        {
          "type": "item",
          "name": "minecraft:prize_pottery_shard",
          "weight": 1
        },
        {
          "type": "item",
          "name": "minecraft:skull_pottery_shard",
          "weight": 1
        },
        {
            "type": "item",
            "name": "minecraft:gunpowder",
            "weight": 1
        },
        {
            "type": "item",
            "name": "minecraft:tnt",
            "weight": 1
        },
        {
            "type": "item",
            "name": "minecraft:diamond",
            "weight": 1
        },
        {
            "type": "item",
            "name": "minecraft:emerald",
            "weight": 1
        }
      ]
    }
  ]
}