{
    "content": [
        {
            "path": "manifest.json"
        },
        {
            "path": "cameras/lists/default_camera_list.json"
        },
        {
            "path": "cameras/presets/example_free.json"
        },
        {
            "path": "cameras/presets/first_person.json"
        },
        {
            "path": "cameras/presets/free.json"
        },
        {
            "path": "cameras/presets/third_person.json"
        },
        {
            "path": "cameras/presets/third_person_front.json"
        }
    ]
}
