{
  "resource_pack_name": "vanilla",
  "texture_name": "atlas.terrain",
  "padding": 8,
  "num_mip_levels": 4,
  "texture_data": {
    "bamboo_mosaic": {
      "textures": "textures/blocks/bamboo_mosaic"
    },
    "bamboo_block": {
      "textures": "textures/blocks/bamboo_block"
    },
    "bamboo_block_top": {
      "textures": "textures/blocks/bamboo_block_top"
    },
    "stripped_bamboo_block": {
      "textures": "textures/blocks/stripped_bamboo_block"
    },
    "stripped_bamboo_block_top": {
      "textures": "textures/blocks/stripped_bamboo_block_top"
    },
    "bamboo_planks": {
      "textures": "textures/blocks/bamboo_planks"
    },
    "bamboo_sign": {
      "textures": "textures/blocks/bamboo_planks"
    },
    "bamboo_fence": {
      "textures": "textures/blocks/bamboo_fence"
    },
    "bamboo_fence_gate": {
      "textures": "textures/blocks/bamboo_fence_gate"
    },
    "bamboo_door_top": {
      "textures": "textures/blocks/bamboo_door_top"
    },
    "bamboo_door_bottom": {
      "textures": "textures/blocks/bamboo_door_bottom"
    },
    "bamboo_trapdoor": {
      "textures": "textures/blocks/bamboo_trapdoor"
    },
    "chiseled_bookshelf_side": {
      "textures": "textures/blocks/chiseled_bookshelf_side"
    },
    "chiseled_bookshelf_front": {
      "textures": [
        "textures/blocks/chiseled_bookshelf_empty",
        "textures/blocks/chiseled_bookshelf_occupied"
      ]
    },
    "chiseled_bookshelf_top": {
      "textures": "textures/blocks/chiseled_bookshelf_top"
    },
    "suspicious_sand": {
      "textures": [
        "textures/blocks/suspicious_sand_0",
        "textures/blocks/suspicious_sand_1",
        "textures/blocks/suspicious_sand_2",
        "textures/blocks/suspicious_sand_3"
      ]  
    },
    "decorated_pot": {
      "textures": "textures/blocks/decorated_pot_base"
    }
  }
}
