{
    "content": [
        {
            "path": "blocks.json"
        },
        {
            "path": "manifest.json"
        },
        {
            "path": "sounds.json"
        },
        {
            "path": "animations/camel.animation.json"
        },
        {
            "path": "animations/humanoid.animation.json"
        },
        {
            "path": "animation_controllers/camel.animation_controllers.json"
        },
        {
            "path": "animation_controllers/player.animation_controllers.json"
        },
        {
            "path": "entity/boat.entity.json"
        },
        {
            "path": "entity/camel.entity.json"
        },
        {
            "path": "entity/chest_boat.entity.json"
        },
        {
            "path": "entity/decorated_pot.entity.json"
        },
        {
            "path": "entity/player.entity.json"
        },
        {
            "path": "entity/skull.entity.json"
        },
        {
            "path": "materials/entity.material"
        },
        {
            "path": "models/entity/camel.geo.json"
        },
        {
            "path": "render_controllers/camel.render_controllers.json"
        },
        {
            "path": "sounds/sound_definitions.json"
        },
        {
            "path": "sounds/block/chiseled_bookshelf/break1.fsb"
        },
        {
            "path": "sounds/block/chiseled_bookshelf/break2.fsb"
        },
        {
            "path": "sounds/block/chiseled_bookshelf/break3.fsb"
        },
        {
            "path": "sounds/block/chiseled_bookshelf/break4.fsb"
        },
        {
            "path": "sounds/block/chiseled_bookshelf/break5.fsb"
        },
        {
            "path": "sounds/block/chiseled_bookshelf/break6.fsb"
        },
        {
            "path": "sounds/block/chiseled_bookshelf/insert1.fsb"
        },
        {
            "path": "sounds/block/chiseled_bookshelf/insert2.fsb"
        },
        {
            "path": "sounds/block/chiseled_bookshelf/insert3.fsb"
        },
        {
            "path": "sounds/block/chiseled_bookshelf/insert4.fsb"
        },
        {
            "path": "sounds/block/chiseled_bookshelf/insert_enchanted1.fsb"
        },
        {
            "path": "sounds/block/chiseled_bookshelf/insert_enchanted2.fsb"
        },
        {
            "path": "sounds/block/chiseled_bookshelf/insert_enchanted3.fsb"
        },
        {
            "path": "sounds/block/chiseled_bookshelf/insert_enchanted4.fsb"
        },
        {
            "path": "sounds/block/chiseled_bookshelf/pickup1.fsb"
        },
        {
            "path": "sounds/block/chiseled_bookshelf/pickup2.fsb"
        },
        {
            "path": "sounds/block/chiseled_bookshelf/pickup3.fsb"
        },
        {
            "path": "sounds/block/chiseled_bookshelf/pickup_enchanted1.fsb"
        },
        {
            "path": "sounds/block/chiseled_bookshelf/pickup_enchanted2.fsb"
        },
        {
            "path": "sounds/block/chiseled_bookshelf/pickup_enchanted3.fsb"
        },
        {
            "path": "sounds/block/chiseled_bookshelf/step1.fsb"
        },
        {
            "path": "sounds/block/chiseled_bookshelf/step2.fsb"
        },
        {
            "path": "sounds/block/chiseled_bookshelf/step3.fsb"
        },
        {
            "path": "sounds/block/chiseled_bookshelf/step4.fsb"
        },
        {
            "path": "sounds/block/chiseled_bookshelf/step5.fsb"
        },
        {
            "path": "sounds/block/decorated_pot/break1.fsb"
        },
        {
            "path": "sounds/block/decorated_pot/break2.fsb"
        },
        {
            "path": "sounds/block/decorated_pot/break3.fsb"
        },
        {
            "path": "sounds/block/decorated_pot/break4.fsb"
        },
        {
            "path": "sounds/block/decorated_pot/shatter1.fsb"
        },
        {
            "path": "sounds/block/decorated_pot/shatter2.fsb"
        },
        {
            "path": "sounds/block/decorated_pot/shatter3.fsb"
        },
        {
            "path": "sounds/block/decorated_pot/shatter4.fsb"
        },
        {
            "path": "sounds/block/decorated_pot/shatter5.fsb"
        },
        {
            "path": "sounds/block/decorated_pot/shatter6.fsb"
        },
        {
            "path": "sounds/block/decorated_pot/step1.fsb"
        },
        {
            "path": "sounds/block/decorated_pot/step2.fsb"
        },
        {
            "path": "sounds/block/decorated_pot/step3.fsb"
        },
        {
            "path": "sounds/block/decorated_pot/step4.fsb"
        },
        {
            "path": "sounds/block/decorated_pot/step5.fsb"
        },
        {
            "path": "sounds/block/suspicious_sand/break1.fsb"
        },
        {
            "path": "sounds/block/suspicious_sand/break2.fsb"
        },
        {
            "path": "sounds/block/suspicious_sand/break3.fsb"
        },
        {
            "path": "sounds/block/suspicious_sand/break4.fsb"
        },
        {
            "path": "sounds/block/suspicious_sand/break5.fsb"
        },
        {
            "path": "sounds/block/suspicious_sand/break6.fsb"
        },
        {
            "path": "sounds/block/suspicious_sand/place1.fsb"
        },
        {
            "path": "sounds/block/suspicious_sand/place2.fsb"
        },
        {
            "path": "sounds/block/suspicious_sand/place3.fsb"
        },
        {
            "path": "sounds/block/suspicious_sand/place4.fsb"
        },
        {
            "path": "sounds/block/suspicious_sand/place5.fsb"
        },
        {
            "path": "sounds/block/suspicious_sand/step1.fsb"
        },
        {
            "path": "sounds/block/suspicious_sand/step2.fsb"
        },
        {
            "path": "sounds/block/suspicious_sand/step3.fsb"
        },
        {
            "path": "sounds/block/suspicious_sand/step4.fsb"
        },
        {
            "path": "sounds/block/suspicious_sand/step5.fsb"
        },
        {
            "path": "sounds/item/brush/brush_completed1.fsb"
        },
        {
            "path": "sounds/item/brush/brush_completed2.fsb"
        },
        {
            "path": "sounds/item/brush/brush_completed3.fsb"
        },
        {
            "path": "sounds/item/brush/brush_completed4.fsb"
        },
        {
            "path": "sounds/item/brush/brush_completed5.fsb"
        },
        {
            "path": "sounds/item/brush/brush_sand1.fsb"
        },
        {
            "path": "sounds/item/brush/brush_sand2.fsb"
        },
        {
            "path": "sounds/item/brush/brush_sand3.fsb"
        },
        {
            "path": "sounds/item/brush/brush_sand4.fsb"
        },
        {
            "path": "texts/bg_BG.lang"
        },
        {
            "path": "texts/cs_CZ.lang"
        },
        {
            "path": "texts/da_DK.lang"
        },
        {
            "path": "texts/de_DE.lang"
        },
        {
            "path": "texts/el_GR.lang"
        },
        {
            "path": "texts/en_GB.lang"
        },
        {
            "path": "texts/en_US.lang"
        },
        {
            "path": "texts/es_ES.lang"
        },
        {
            "path": "texts/es_MX.lang"
        },
        {
            "path": "texts/fi_FI.lang"
        },
        {
            "path": "texts/fr_CA.lang"
        },
        {
            "path": "texts/fr_FR.lang"
        },
        {
            "path": "texts/hu_HU.lang"
        },
        {
            "path": "texts/id_ID.lang"
        },
        {
            "path": "texts/it_IT.lang"
        },
        {
            "path": "texts/ja_JP.lang"
        },
        {
            "path": "texts/ko_KR.lang"
        },
        {
            "path": "texts/nb_NO.lang"
        },
        {
            "path": "texts/nl_NL.lang"
        },
        {
            "path": "texts/pl_PL.lang"
        },
        {
            "path": "texts/pt_BR.lang"
        },
        {
            "path": "texts/pt_PT.lang"
        },
        {
            "path": "texts/ru_RU.lang"
        },
        {
            "path": "texts/sk_SK.lang"
        },
        {
            "path": "texts/sv_SE.lang"
        },
        {
            "path": "texts/tr_TR.lang"
        },
        {
            "path": "texts/uk_UA.lang"
        },
        {
            "path": "texts/zh_CN.lang"
        },
        {
            "path": "texts/zh_TW.lang"
        },
        {
            "path": "textures/item_texture.json"
        },
        {
            "path": "textures/terrain_texture.json"
        },
        {
            "path": "textures/textures_list.json"
        },
        {
            "path": "textures/blocks/archer_pottery_shard.png"
        },
        {
            "path": "textures/blocks/arms_up_pottery_shard.png"
        },
        {
            "path": "textures/blocks/bamboo_block.png"
        },
        {
            "path": "textures/blocks/bamboo_block_top.png"
        },
        {
            "path": "textures/blocks/bamboo_door_bottom.png"
        },
        {
            "path": "textures/blocks/bamboo_door_top.png"
        },
        {
            "path": "textures/blocks/bamboo_fence.png"
        },
        {
            "path": "textures/blocks/bamboo_fence_gate.png"
        },
        {
            "path": "textures/blocks/bamboo_mosaic.png"
        },
        {
            "path": "textures/blocks/bamboo_planks.png"
        },
        {
            "path": "textures/blocks/bamboo_trapdoor.png"
        },
        {
            "path": "textures/blocks/chiseled_bookshelf_empty.png"
        },
        {
            "path": "textures/blocks/chiseled_bookshelf_occupied.png"
        },
        {
            "path": "textures/blocks/chiseled_bookshelf_side.png"
        },
        {
            "path": "textures/blocks/chiseled_bookshelf_top.png"
        },
        {
            "path": "textures/blocks/decorated_pot_base.png"
        },
        {
            "path": "textures/blocks/decorated_pot_side.png"
        },
        {
            "path": "textures/blocks/prize_pottery_shard.png"
        },
        {
            "path": "textures/blocks/scaffolding_bottom.tga"
        },
        {
            "path": "textures/blocks/scaffolding_side.tga"
        },
        {
            "path": "textures/blocks/scaffolding_top.tga"
        },
        {
            "path": "textures/blocks/skull_pottery_shard.png"
        },
        {
            "path": "textures/blocks/stripped_bamboo_block.png"
        },
        {
            "path": "textures/blocks/stripped_bamboo_block_top.png"
        },
        {
            "path": "textures/blocks/suspicious_sand_0.png"
        },
        {
            "path": "textures/blocks/suspicious_sand_1.png"
        },
        {
            "path": "textures/blocks/suspicious_sand_2.png"
        },
        {
            "path": "textures/blocks/suspicious_sand_3.png"
        },
        {
            "path": "textures/entity/acacia_hanging_sign.png"
        },
        {
            "path": "textures/entity/bamboo_hanging_sign.png"
        },
        {
            "path": "textures/entity/bamboo_sign.png"
        },
        {
            "path": "textures/entity/birch_hanging_sign.png"
        },
        {
            "path": "textures/entity/crimson_hanging_sign.png"
        },
        {
            "path": "textures/entity/dark_oak_hanging_sign.png"
        },
        {
            "path": "textures/entity/jungle_hanging_sign.png"
        },
        {
            "path": "textures/entity/mangrove_hanging_sign.png"
        },
        {
            "path": "textures/entity/oak_hanging_sign.png"
        },
        {
            "path": "textures/entity/spruce_hanging_sign.png"
        },
        {
            "path": "textures/entity/warped_hanging_sign.png"
        },
        {
            "path": "textures/entity/boat/bamboo_raft.png"
        },
        {
            "path": "textures/entity/boat/chest_boat_bamboo.png"
        },
        {
            "path": "textures/entity/camel/camel.png"
        },
        {
            "path": "textures/items/acacia_hanging_sign.png"
        },
        {
            "path": "textures/items/archer_pottery_shard.png"
        },
        {
            "path": "textures/items/arms_up_pottery_shard.png"
        },
        {
            "path": "textures/items/bamboo_chest_raft.png"
        },
        {
            "path": "textures/items/bamboo_door.png"
        },
        {
            "path": "textures/items/bamboo_hanging_sign.png"
        },
        {
            "path": "textures/items/bamboo_raft.png"
        },
        {
            "path": "textures/items/bamboo_sign.png"
        },
        {
            "path": "textures/items/birch_hanging_sign.png"
        },
        {
            "path": "textures/items/brush.png"
        },
        {
            "path": "textures/items/crimson_hanging_sign.png"
        },
        {
            "path": "textures/items/dark_oak_hanging_sign.png"
        },
        {
            "path": "textures/items/jungle_hanging_sign.png"
        },
        {
            "path": "textures/items/mangrove_hanging_sign.png"
        },
        {
            "path": "textures/items/oak_hanging_sign.png"
        },
        {
            "path": "textures/items/prize_pottery_shard.png"
        },
        {
            "path": "textures/items/skull_pottery_shard.png"
        },
        {
            "path": "textures/items/spruce_hanging_sign.png"
        },
        {
            "path": "textures/items/warped_hanging_sign.png"
        },
        {
            "path": "textures/ui/bamboo_sign.png"
        },
        {
            "path": "textures/ui/dash_cooldown.png"
        },
        {
            "path": "textures/ui/hanging_sign.png"
        },
        {
            "path": "textures/ui/hanging_sign_acacia.png"
        },
        {
            "path": "textures/ui/hanging_sign_bamboo.png"
        },
        {
            "path": "textures/ui/hanging_sign_birch.png"
        },
        {
            "path": "textures/ui/hanging_sign_crimson.png"
        },
        {
            "path": "textures/ui/hanging_sign_darkoak.png"
        },
        {
            "path": "textures/ui/hanging_sign_jungle.png"
        },
        {
            "path": "textures/ui/hanging_sign_mangrove.png"
        },
        {
            "path": "textures/ui/hanging_sign_spruce.png"
        },
        {
            "path": "textures/ui/hanging_sign_warped.png"
        }
    ]
}
