{
  "entity_sounds": {
    "entities": {
      "camel": {
        "volume": 1,
        "pitch": [ 0.8, 1.2 ],
        "events": {
          "ambient": "mob.camel.ambient",
          "death": "mob.camel.death",
          "eat": "mob.camel.eat",
          "hurt": "mob.camel.hurt",
          "saddle": "mob.horse.leather",
          "step": "mob.camel.step",
          "step_sand": "mob.camel.step_sand"
        }
      }
    }
  },
  "individual_event_sounds": {
    "events": {
      "dash_ready": {
        "sound": "mob.camel.dash_ready",
        "volume": 1.0,
        "pitch": 1.0
      }
    }
  },
  "block_sounds": {
    "chiseled_bookshelf": {
      "volume": 1.0,
      "pitch": 1.0,
      "events": {
        "default": "",
        "break": {
          "sound": "break.chiseled_bookshelf",
          "volume": 1.0,
          "pitch": 1.0
        },
        "hit": {
          "sound": "hit.chiseled_bookshelf",
          "volume": 1.0,
          "pitch": 1.0
        },
        "place": {
          "sound": "place.chiseled_bookshelf",
          "volume": 1.0,
          "pitch": 1.0
        },
        "insert": {
          "sound": "insert.chiseled_bookshelf",
          "volume": 1.0,
          "pitch": 1.0
        },
        "pickup": {
          "sound": "pickup.chiseled_bookshelf",
          "volume": 1.0,
          "pitch": 1.0
        },
        "insert_enchanted": {
          "sound": "insert_enchanted.chiseled_bookshelf",
          "volume": 1.0,
          "pitch": 1.0
        },
        "pickup_enchanted": {
          "sound": "pickup_enchanted.chiseled_bookshelf",
          "volume": 1.0,
          "pitch": 1.0
        }
      }
    },
    "decorated_pot": {
      "volume": 1.0,
      "pitch": 1.0,
      "events": {
        "default": "",
        "break_pot": {
          "sound": "break.decorated_pot",
          "volume": 1.0,
          "pitch": 1.0
        },
        "fall": {
          "sound": "step.decorated_pot",
          "volume": 1.0,
          "pitch": 1.0
        },
        "hit": {
          "sound": "step.decorated_pot",
          "volume": 1.0,
          "pitch": 1.0
        },
        "place": {
          "sound": "break.decorated_pot",
          "volume": 1.0,
          "pitch": 1.0
        },
        "shatter_pot": {
          "sound": "shatter.decorated_pot",
          "volume": 1.0,
          "pitch": 1.0
        },
        "step": {
          "sound": "step.decorated_pot",
          "volume": 1.0,
          "pitch": 1.0
        }
      }
    },
    "suspicious_sand": {
      "volume": 1.0,
      "pitch": 1.0,
      "events": {
        "break": {
          "sound": "break.suspicious_sand",
          "volume": 1.0,
          "pitch" : [0.8, 1.0]
        },
        "hit" : {
          "sound": "hit.suspicious_sand",
          "volume": 0.23,
          "pitch": 0.5
        },
        "place": {
          "sound": "place.suspicious_sand",
          "volume": 1.0,
          "pitch" : [0.8, 1.0]
        },
        "fall": {
          "sound": "fall.suspicious_sand",
          "volume": 1.0,
          "pitch": [ 0.8, 1.0 ]
        },
        "brush": {
          "sound": "brush.suspicious_sand",
          "volume": 1.0,
          "pitch": [ 0.8, 1.0 ]
        },
        "brush_completed": {
         "sound": "brush_completed.suspicious_sand",
         "volume": 1.0,
         "pitch" : [0.8, 1.0]
        }
      }
    },
    "bamboo_wood": {
      "volume": 1.0,
      "pitch": 1.0,
      "events": {
        "default": "",
        "item.use.on": {
          "sound": "step.bamboo_wood",
          "pitch": 0.8
        },
        "break": {
          "sound": "break.bamboo_wood",
          "volume": 1.0,
          "pitch": [
            0.8,
            1.0
          ]
        },
        "hit": {
          "sound": "hit.bamboo_wood",
          "volume": 0.23,
          "pitch": 0.5
        },
        "place": {
          "sound": "place.bamboo_wood",
          "volume": 1.0,
          "pitch": [
            0.8,
            0.8
          ]
        },
        "power.on": {
          "sound": "random.click",
          "pitch": 0.6
        },
        "power.off": {
          "sound": "random.click",
          "pitch": 0.5
        },
        "button.click_on": {
          "sound": "click_on.bamboo_wood_button",
          "pitch": 0.6
        },
        "button.click_off": {
          "sound": "click_off.bamboo_wood_button",
          "pitch": 0.5
        },
        "door.open": {
          "sound": "open.bamboo_wood_door",
          "pitch": [
            0.9,
            1.0
          ]
        },
        "door.close": {
          "sound": "close.bamboo_wood_door",
          "pitch": [
            0.9,
            1.0
          ]
        },
        "trapdoor.open": {
          "sound": "open.bamboo_wood_trapdoor",
          "pitch": [
            0.9,
            1.0
          ]
        },
        "trapdoor.close": {
          "sound": "close.bamboo_wood_trapdoor",
          "pitch": [
            0.9,
            1.0
          ]
        },
        "pressure_plate.click_on": {
          "sound": "click_on.bamboo_wood_pressure_plate"
        },
        "pressure_plate.click_off": {
          "sound": "click_off.bamboo_wood_pressure_plate"
        },
        "fence_gate.open": {
          "sound": "open.bamboo_wood_fence_gate",
          "pitch": [
            0.9,
            1.0
          ]
        },
        "fence_gate.close": {
          "sound": "close.bamboo_wood_fence_gate",
          "pitch": [
            0.9,
            1.0
          ]
        }
      }
    },
    "hanging_sign": {
      "events": {
        "default": "",
        "item.use.on": {
          "sound": "step.hanging_sign",
          "pitch": 0.8
        },
        "break": {
          "sound": "break.hanging_sign",
          "volume": 0.4,
          "pitch": [ 0.8, 1.0 ]
        },
        "hit": {
          "sound": "step.hanging_sign",
          "volume": 0.1,
          "pitch": 0.5
        },
        "place": {
          "sound": "break.hanging_sign",
          "volume": 0.25,
          "pitch": [ 0.8, 1.0 ]
        }
      }
    }
  },
  "interactive_sounds": {
    "block_sounds": {
      "bamboo_wood": {
        "events": {
          "default": "",
          "fall": {
            "sounds": "fall.bamboo_wood",
            "volume": 0.4
          },
          "step": {
            "sound": "step.bamboo_wood",
            "volume": 0.2
          },
          "jump": {
            "sound": "step.bamboo_wood",
            "volume": 0.12
          },
          "land": {
            "sound": "step.bamboo_wood",
            "volume": 0.18
          }
        },
        "volume": 1.0,
        "pitch": 1.0
      },
      "chiseled_bookshelf": {
        "events": {
          "default": "",
          "fall": {
            "sounds": "step.chiseled_bookshelf",
            "volume": 0.4
          },
          "step": {
            "sound": "step.chiseled_bookshelf",
            "volume": 0.2
          },
          "jump": {
            "sound": "step.chiseled_bookshelf",
            "volume": 0.12
          },
          "land": {
            "sound": "step.chiseled_bookshelf",
            "volume": 0.18
          }
        },
        "volume": 1.0,
        "pitch": 1.0
      },
      "decorated_pot": {
        "events": {
          "default": "",
          "fall": {
            "sound": "step.decorated_pot"
          },
          "step": {
            "sound": "step.decorated_pot"
          },
          "jump": {
            "sound": "step.decorated_pot"
          },
          "land": {
            "sound": "step.decorated_pot"
          }
        },
        "volume": 1.0,
        "pitch": 1.0
      },
      "suspicious_sand": {
        "events": {
          "default": "",
          "fall": {
            "sounds": "step.suspicious_sand",
            "volume": 0.4
          },
          "step": {
            "sound": "step.suspicious_sand",
            "volume": 0.2
          },
          "jump": {
            "sound": "step.suspicious_sand",
            "volume": 0.12
          },
          "land": {
            "sound": "step.suspicious_sand",
            "volume": 0.18
          }
        },
        "volume": 1.0,
        "pitch": 1.0
      },
      "hanging_sign": {
        "events": {
          "default": "",
          "fall": {
            "sounds": "step.hanging_sign",
            "volume": 0.4
          },
          "step": {
            "sound": "step.hanging_sign",
            "volume": 0.17
          },
          "jump": {
            "sound": "step.hanging_sign",
            "volume": 0.12
          },
          "land": {
            "sound": "step.hanging_sign",
            "volume": 0.14
          }
        },
        "volume": 1.0,
        "pitch": 1.0
      }
    }
  }
}
