{
  "resource_pack_name": "vanilla",
  "texture_name": "atlas.terrain",
  "padding": 8,
  "num_mip_levels": 4,
  "texture_data": {
    "lodestone_top": {
      "textures": [
        "textures/blocks/lodestone_top"
      ]
    },
    "lodestone_side": {
      "textures": [
        "textures/blocks/lodestone_side"
      ]
    },
    "crimson_roots": {
      "textures": "textures/blocks/crimson_roots"
    },
    "crimson_roots_pot": {
      "textures": "textures/blocks/crimson_roots_pot"
    },
    "warped_roots": {
      "textures": "textures/blocks/warped_roots"
    },
    "warped_roots_pot": {
      "textures": "textures/blocks/warped_roots_pot"
    },
    "nether_shroom_red": {
      "textures": "textures/blocks/crimson_fungus"
    },
    "nether_shroom_blue": {
      "textures": "textures/blocks/warped_fungus"
    },
    "warped_wart_block": {
      "textures": [
        "textures/blocks/warped_wart_block"
      ]
    },
    "crimson_log_side": {
      "textures": "textures/blocks/huge_fungus/crimson_log_side"
    },
    "crimson_log_top": {
      "textures": "textures/blocks/huge_fungus/crimson_log_top"
    },
    "warped_stem_side": {
      "textures": "textures/blocks/huge_fungus/warped_stem_side"
    },
    "warped_stem_top": {
      "textures": "textures/blocks/huge_fungus/warped_stem_top"
    },
    "stripped_crimson_stem_side": {
      "textures": "textures/blocks/huge_fungus/stripped_crimson_stem_side"
    },
    "stripped_crimson_stem_top": {
      "textures": "textures/blocks/huge_fungus/stripped_crimson_stem_top"
    },
    "stripped_warped_stem_side": {
      "textures": "textures/blocks/huge_fungus/stripped_warped_stem_side"
    },
    "stripped_warped_stem_top": {
      "textures": "textures/blocks/huge_fungus/stripped_warped_stem_top"
    },
    "shroomlight": {
      "textures": "textures/blocks/shroomlight"
    },
    "crimson_nylium_side": {
      "textures": "textures/blocks/crimson_nylium_side"
    },
    "crimson_nylium_top": {
      "textures": "textures/blocks/crimson_nylium_top"
    },
    "warped_nylium_side": {
      "textures": "textures/blocks/warped_nylium_side"
    },
    "warped_nylium_top": {
      "textures": "textures/blocks/warped_nylium_top"
    },
    "basalt_side": {
      "textures": "textures/blocks/basalt_side"
    },
    "basalt_top": {
      "textures": "textures/blocks/basalt_top"
    },
    "polished_basalt_side": {
      "textures": "textures/blocks/polished_basalt_side"
    },
    "polished_basalt_top": {
      "textures": "textures/blocks/polished_basalt_top"
    },
    "soul_soil": {
      "textures": "textures/blocks/soul_soil"
    },
    "soul_fire_0": {
      "textures": "textures/blocks/soul_fire_0"
    },
    "soul_fire_1": {
      "textures": "textures/blocks/soul_fire_1"
    },
    "weeping_vines_base": {
      "textures": [
        "textures/blocks/weeping_vines_base"
      ]
    },
    "weeping_vines_bottom": {
      "textures": [
        "textures/blocks/weeping_vines_bottom"
      ]
    },
    "twisting_vines_base": {
      "textures": [
        "textures/blocks/twisting_vines_base"
      ]
    },
    "twisting_vines_bottom": {
      "textures": [
        "textures/blocks/twisting_vines_bottom"
      ]
    },
    "nether_sprouts": {
      "textures": [
        "textures/blocks/nether_sprouts"
      ]
    },
    "target_top": {
      "textures": "textures/blocks/target_top"
    },
    "target_side": {
      "textures": "textures/blocks/target_side"
    },
    "soul_torch": {
      "textures": "textures/blocks/soul_torch"
    },
    "soul_lantern": {
      "textures": "textures/blocks/soul_lantern"
    },
    "soul_lantern_carried": {
      "textures": "textures/items/soul_lantern"
    },
    "netherite_block": {
      "textures": "textures/blocks/netherite_block"
    },
    "ancient_debris_top": {
      "textures": "textures/blocks/ancient_debris_top"
    },
    "ancient_debris_side": {
      "textures": "textures/blocks/ancient_debris_side"
    },
    "warped_sign": {
      "textures": "textures/blocks/huge_fungus/warped_planks"
    },
    "crimson_sign": {
      "textures": "textures/blocks/huge_fungus/crimson_planks"
    },
    "crimson_door_top": {
      "textures": "textures/blocks/huge_fungus/crimson_door_top"
    },
    "warped_door_top": {
      "textures": "textures/blocks/huge_fungus/warped_door_top"
    },
    "crimson_door_lower": {
      "textures": "textures/blocks/huge_fungus/crimson_door_lower"
    },
    "warped_door_lower": {
      "textures": "textures/blocks/huge_fungus/warped_door_lower"
    },
    "crimson_planks": {
      "textures": "textures/blocks/huge_fungus/crimson_planks"
    },
    "warped_planks": {
      "textures": "textures/blocks/huge_fungus/warped_planks"
    },
    "crimson_trapdoor": {
      "textures": "textures/blocks/huge_fungus/crimson_trapdoor"
    },
    "warped_trapdoor": {
      "textures": "textures/blocks/huge_fungus/warped_trapdoor"
    },
    "stone_slab_bottom": {
      "textures": [
        "textures/blocks/stone_slab_top",
        "textures/blocks/sandstone_bottom",
        "textures/blocks/planks_oak",
        "textures/blocks/cobblestone",
        "textures/blocks/brick",
        "textures/blocks/stonebrick",
        "textures/blocks/quartz_block_top",
        "textures/blocks/nether_brick"
      ]
    },
    "stone_slab_top_4": {
      "textures": [
        "textures/blocks/stonebrick_mossy",
        "textures/blocks/quartz_block_bottom",
        "textures/blocks/stone",
        "textures/blocks/sandstone_top",
        "textures/blocks/red_sandstone_top"
      ]
    },
    "stone_slab_bottom_4": {
      "textures": [
        "textures/blocks/stonebrick_mossy",
        "textures/blocks/quartz_block_bottom",
        "textures/blocks/stone",
        "textures/blocks/sandstone_top",
        "textures/blocks/red_sandstone_top"
      ]
    },
    "stone_slab_side_4": {
      "textures": [
        "textures/blocks/stonebrick_mossy",
        "textures/blocks/quartz_block_bottom",
        "textures/blocks/stone",
        "textures/blocks/sandstone_smooth",
        "textures/blocks/red_sandstone_smooth"
      ]
    },
    "quartz_block_top": {
      "textures": [
        "textures/blocks/quartz_block_top",
        "textures/blocks/quartz_block_chiseled_top",
        "textures/blocks/quartz_block_lines_top",
        "textures/blocks/quartz_block_bottom"
      ]
    },
    "quartz_block_bottom": {
      "textures": [
        "textures/blocks/quartz_block_top",
        "textures/blocks/quartz_block_chiseled_top",
        "textures/blocks/quartz_block_lines_top",
        "textures/blocks/quartz_block_bottom"
      ]
    },
    "quartz_block_side": {
      "textures": [
        "textures/blocks/quartz_block_side",
        "textures/blocks/quartz_block_chiseled",
        "textures/blocks/quartz_block_lines",
        "textures/blocks/quartz_block_bottom"
      ]
    },
    "stair_quartz_block_bottom": {
      "textures": "textures/blocks/quartz_block_top"
    },
    "stair_smooth_quartz_block": {
      "textures": "textures/blocks/quartz_block_bottom"
    },
    "jigsaw_lock": {
      "textures": "textures/blocks/jigsaw_lock"
    },
    "blackstone": {
      "textures": "textures/blocks/blackstone"
    },
    "nether_gold_ore": {
      "textures": "textures/blocks/nether_gold_ore"
    },
    "respawn_anchor_bottom": {
      "textures": [
        "textures/blocks/respawn_anchor_bottom",
        "textures/blocks/respawn_anchor_bottom",
        "textures/blocks/respawn_anchor_bottom",
        "textures/blocks/respawn_anchor_bottom",
        "textures/blocks/respawn_anchor_bottom"
      ]
    },
    "respawn_anchor_top": {
      "textures": [
        "textures/blocks/respawn_anchor_top_off",
        "textures/blocks/respawn_anchor_top",
        "textures/blocks/respawn_anchor_top",
        "textures/blocks/respawn_anchor_top",
        "textures/blocks/respawn_anchor_top"
      ]
    },
    "respawn_anchor_side": {
      "textures": [
        "textures/blocks/respawn_anchor_side0",
        "textures/blocks/respawn_anchor_side1",
        "textures/blocks/respawn_anchor_side2",
        "textures/blocks/respawn_anchor_side3",
        "textures/blocks/respawn_anchor_side4"
      ]
    },
    "crying_obsidian": {
      "textures": "textures/blocks/crying_obsidian"
    },
    "blackstone_top": {
      "textures": "textures/blocks/blackstone_top"
    },
    "chiseled_polished_blackstone": {
      "textures": "textures/blocks/chiseled_polished_blackstone"
    },
    "polished_blackstone_bricks": {
      "textures": "textures/blocks/polished_blackstone_bricks"
    },
    "cracked_polished_blackstone_bricks": {
      "textures": "textures/blocks/cracked_polished_blackstone_bricks"
    },
    "gilded_blackstone": {
      "textures": "textures/blocks/gilded_blackstone"
    },
    "chain1": {
      "textures": "textures/blocks/chain1"
    },
    "chain2": {
      "textures": "textures/blocks/chain2"
    },
    "polished_blackstone": {
      "textures": "textures/blocks/polished_blackstone"
    },
    "soul_campfire_fire": {
      "textures": "textures/blocks/soul_campfire"
    },
    "soul_campfire_log_lit": {
      "textures": "textures/blocks/soul_campfire_log_lit"
    },
    "chiseled_nether_bricks": {
      "textures": "textures/blocks/chiseled_nether_bricks"
    },
    "cracked_nether_bricks": {
      "textures": "textures/blocks/cracked_nether_bricks"
    },
    "quartz_bricks": {
      "textures": "textures/blocks/quartz_bricks"
    }
  }
}
