{
  "piece_id": "8f96d1f8-e9bb-40d2-acc8-eb79746c5d7c",
  "piece_name": "medium_skeleton",
  "piece_type": "persona_skeleton",
  "body_variant": "medium",
  "geometry_sources": [
    {
      "arm_size": "",
      "geometry": "geometry.medium_body"
    },
    {
      "arm_size": "",
      "geometry": "geometry.medium_head"
    },
    {
      "arm_size": "wide",
      "geometry": "geometry.medium_left_wide_arm"
    },
    {
      "arm_size": "wide",
      "geometry": "geometry.medium_right_wide_arm"
    },
    {
      "arm_size": "slim",
      "geometry": "geometry.medium_left_slim_arm"
    },
    {
      "arm_size": "slim",
      "geometry": "geometry.medium_right_slim_arm"
    },
    {
      "arm_size": "",
      "geometry": "geometry.medium_left_leg"
    },
    {
      "arm_size": "",
      "geometry": "geometry.medium_right_leg"
    },
    {
      "arm_size": "",
      "geometry": "geometry.medium_right_item"
    },
    {
      "arm_size": "",
      "geometry": "geometry.medium_left_item"
    },
    {
      "arm_size": "",
      "geometry": "geometry.medium_armor"
    },
    {
      "arm_size": "wide",
      "geometry": "geometry.medium_armor_wide_arms"
    },
    {
      "arm_size": "slim",
      "geometry": "geometry.medium_armor_slim_arms"
    }
  ]
}