{
  "format_version": "1.12.0",
  "geometry.smaller_body": {
    "bones": [
      {
        "name": "root",
        "pivot": [ 0.0, 0.0, 0.0 ]
      },
      {
        "name": "waist",
        "parent": "root",
        "pivot": [ 0.0, 10.0, 0.0 ]
      },
      {
        "name": "body",
        "parent": "waist",
        "pivot": [ 0, 20, 0 ],
        "rotation": [ 0, 0, 0 ],
        "poly_mesh": {
          "normalized_uvs": true,
          "positions": [
            [ -4, 20, -2 ],
            [ 4, 20, -2 ],
            [ 4, 20, 2 ],
            [ -4, 20, 2 ],
            [ -4, 10, 2 ],
            [ 4, 10, 2 ],
            [ 4, 10, -2 ],
            [ -4, 10, -2 ],
            [ -4, 10, 2 ],
            [ -4, 10, -2 ],
            [ -4, 20, -2 ],
            [ -4, 20, 2 ],
            [ 4, 10, -2 ],
            [ 4, 10, 2 ],
            [ 4, 20, 2 ],
            [ 4, 20, -2 ],
            [ -4, 10, -2 ],
            [ 4, 10, -2 ],
            [ 4, 20, -2 ],
            [ -4, 20, -2 ],
            [ 4, 10, 2 ],
            [ -4, 10, 2 ],
            [ -4, 20, 2 ],
            [ 4, 20, 2 ]
          ],
          "normals": [
            [ 0, 1, 0 ],
            [ 0, -1, 0 ],
            [ -1, 0, 0 ],
            [ 1, 0, 0 ],
            [ 0, 0, -1 ],
            [ 0, 0, 1 ]
          ],
          "uvs": [
            [ 0.65625, 0.40625 ],
            [ 0.71875, 0.40625 ],
            [ 0.71875, 0.4375 ],
            [ 0.65625, 0.4375 ],
            [ 0.78125, 0.4375 ],
            [ 0.71875, 0.4375 ],
            [ 0.71875, 0.40625 ],
            [ 0.78125, 0.40625 ],
            [ 0.625, 0.328125 ],
            [ 0.65625, 0.328125 ],
            [ 0.65625, 0.40625 ],
            [ 0.625, 0.40625 ],
            [ 0.71875, 0.328125 ],
            [ 0.75, 0.328125 ],
            [ 0.75, 0.40625 ],
            [ 0.71875, 0.40625 ],
            [ 0.65625, 0.328125 ],
            [ 0.71875, 0.328125 ],
            [ 0.71875, 0.40625 ],
            [ 0.65625, 0.40625 ],
            [ 0.75, 0.328125 ],
            [ 0.8125, 0.328125 ],
            [ 0.8125, 0.40625 ],
            [ 0.75, 0.40625 ]
          ],
          "average_normals": null,
          "polys": [
            [
              [ 0, 0, 0 ],
              [ 1, 0, 1 ],
              [ 2, 0, 2 ],
              [ 3, 0, 3 ]
            ],
            [
              [ 4, 1, 4 ],
              [ 5, 1, 5 ],
              [ 6, 1, 6 ],
              [ 7, 1, 7 ]
            ],
            [
              [ 8, 2, 8 ],
              [ 9, 2, 9 ],
              [ 10, 2, 10 ],
              [ 11, 2, 11 ]
            ],
            [
              [ 12, 3, 12 ],
              [ 13, 3, 13 ],
              [ 14, 3, 14 ],
              [ 15, 3, 15 ]
            ],
            [
              [ 16, 4, 16 ],
              [ 17, 4, 17 ],
              [ 18, 4, 18 ],
              [ 19, 4, 19 ]
            ],
            [
              [ 20, 5, 20 ],
              [ 21, 5, 21 ],
              [ 22, 5, 22 ],
              [ 23, 5, 23 ]
            ]
          ]
        }
      }
    ]
  },
  "geometry.smaller_head": {
    "bones": [
      {
        "name": "head",
        "parent": "body",
        "pivot": [ 0, 20, 0 ],
        "rotation": null,
        "poly_mesh": {
          "normalized_uvs": true,
          "positions": [
            [ -4, 28, -4 ],
            [ 4, 28, -4 ],
            [ 4, 28, 4 ],
            [ -4, 28, 4 ],
            [ -4, 20, 4 ],
            [ 4, 20, 4 ],
            [ 4, 20, -4 ],
            [ -4, 20, -4 ],
            [ -4, 20, 4 ],
            [ -4, 20, -4 ],
            [ -4, 28, -4 ],
            [ -4, 28, 4 ],
            [ 4, 20, -4 ],
            [ 4, 20, 4 ],
            [ 4, 28, 4 ],
            [ 4, 28, -4 ],
            [ -4, 20, -4 ],
            [ 4, 20, -4 ],
            [ 4, 28, -4 ],
            [ -4, 28, -4 ],
            [ 4, 20, 4 ],
            [ -4, 20, 4 ],
            [ -4, 28, 4 ],
            [ 4, 28, 4 ]
          ],
          "normals": [
            [ 0, 1, 0 ],
            [ 0, -1, 0 ],
            [ -1, 0, 0 ],
            [ 1, 0, 0 ],
            [ 0, 0, -1 ],
            [ 0, 0, 1 ]
          ],
          "uvs": [
            [ 0.25, 0.75 ],
            [ 0.5, 0.75 ],
            [ 0.5, 1 ],
            [ 0.25, 1 ],
            [ 0.75, 1 ],
            [ 0.5, 1 ],
            [ 0.5, 0.75 ],
            [ 0.75, 0.75 ],
            [ 0, 0.5 ],
            [ 0.25, 0.5 ],
            [ 0.25, 0.75 ],
            [ 0, 0.75 ],
            [ 0.5, 0.5 ],
            [ 0.75, 0.5 ],
            [ 0.75, 0.75 ],
            [ 0.5, 0.75 ],
            [ 0.25, 0.5 ],
            [ 0.5, 0.5 ],
            [ 0.5, 0.75 ],
            [ 0.25, 0.75 ],
            [ 0.75, 0.5 ],
            [ 1, 0.5 ],
            [ 1, 0.75 ],
            [ 0.75, 0.75 ]
          ],
          "polys": [
            [
              [ 0, 0, 0 ],
              [ 1, 0, 1 ],
              [ 2, 0, 2 ],
              [ 3, 0, 3 ]
            ],
            [
              [ 4, 1, 4 ],
              [ 5, 1, 5 ],
              [ 6, 1, 6 ],
              [ 7, 1, 7 ]
            ],
            [
              [ 8, 2, 8 ],
              [ 9, 2, 9 ],
              [ 10, 2, 10 ],
              [ 11, 2, 11 ]
            ],
            [
              [ 12, 3, 12 ],
              [ 13, 3, 13 ],
              [ 14, 3, 14 ],
              [ 15, 3, 15 ]
            ],
            [
              [ 16, 4, 16 ],
              [ 17, 4, 17 ],
              [ 18, 4, 18 ],
              [ 19, 4, 19 ]
            ],
            [
              [ 20, 5, 20 ],
              [ 21, 5, 21 ],
              [ 22, 5, 22 ],
              [ 23, 5, 23 ]
            ]
          ]
        }
      }
    ]
  },
  "geometry.smaller_head_clothing": {
    "bones": [
      {
        "name": "hat",
        "parent": "head",
        "pivot": [ 0, 20, 0 ],
        "rotation": null,
        "poly_mesh": {
          "normalized_uvs": true,
          "positions": [
            [ -4.5, 28.5, -4.5 ],
            [ 4.5, 28.5, -4.5 ],
            [ 4.5, 28.5, 4.5 ],
            [ -4.5, 28.5, 4.5 ],
            [ -4.5, 19.5, 4.5 ],
            [ 4.5, 19.5, 4.5 ],
            [ 4.5, 19.5, -4.5 ],
            [ -4.5, 19.5, -4.5 ],
            [ -4.5, 19.5, 4.5 ],
            [ -4.5, 19.5, -4.5 ],
            [ -4.5, 28.5, -4.5 ],
            [ -4.5, 28.5, 4.5 ],
            [ 4.5, 19.5, -4.5 ],
            [ 4.5, 19.5, 4.5 ],
            [ 4.5, 28.5, 4.5 ],
            [ 4.5, 28.5, -4.5 ],
            [ -4.5, 19.5, -4.5 ],
            [ 4.5, 19.5, -4.5 ],
            [ 4.5, 28.5, -4.5 ],
            [ -4.5, 28.5, -4.5 ],
            [ 4.5, 19.5, 4.5 ],
            [ -4.5, 19.5, 4.5 ],
            [ -4.5, 28.5, 4.5 ],
            [ 4.5, 28.5, 4.5 ]
          ],
          "normals": [
            [ 0, 1, 0 ],
            [ 0, -1, 0 ],
            [ -1, 0, 0 ],
            [ 1, 0, 0 ],
            [ 0, 0, -1 ],
            [ 0, 0, 1 ]
          ],
          "uvs": [
            [ 0.25, 0.25 ],
            [ 0.5, 0.25 ],
            [ 0.5, 0.5 ],
            [ 0.25, 0.5 ],
            [ 0.75, 0.5 ],
            [ 0.5, 0.5 ],
            [ 0.5, 0.25 ],
            [ 0.75, 0.25 ],
            [ 0, 0 ],
            [ 0.25, 0 ],
            [ 0.25, 0.25 ],
            [ 0, 0.25 ],
            [ 0.5, 0 ],
            [ 0.75, 0 ],
            [ 0.75, 0.25 ],
            [ 0.5, 0.25 ],
            [ 0.25, 0 ],
            [ 0.5, 0 ],
            [ 0.5, 0.25 ],
            [ 0.25, 0.25 ],
            [ 0.75, 0 ],
            [ 1, 0 ],
            [ 1, 0.25 ],
            [ 0.75, 0.25 ]
          ],
          "polys": [
            [
              [ 0, 0, 0 ],
              [ 1, 0, 1 ],
              [ 2, 0, 2 ],
              [ 3, 0, 3 ]
            ],
            [
              [ 4, 1, 4 ],
              [ 5, 1, 5 ],
              [ 6, 1, 6 ],
              [ 7, 1, 7 ]
            ],
            [
              [ 8, 2, 8 ],
              [ 9, 2, 9 ],
              [ 10, 2, 10 ],
              [ 11, 2, 11 ]
            ],
            [
              [ 12, 3, 12 ],
              [ 13, 3, 13 ],
              [ 14, 3, 14 ],
              [ 15, 3, 15 ]
            ],
            [
              [ 16, 4, 16 ],
              [ 17, 4, 17 ],
              [ 18, 4, 18 ],
              [ 19, 4, 19 ]
            ],
            [
              [ 20, 5, 20 ],
              [ 21, 5, 21 ],
              [ 22, 5, 22 ],
              [ 23, 5, 23 ]
            ]
          ]
        }
      }
    ]
  },
  "geometry.smaller_left_wide_arm": {
    "bones": [
      {
        "name": "leftArm",
        "parent": "body",
        "pivot": [ 5, 18, 0 ],
        "rotation": [ 0, 0, 0 ],
        "poly_mesh": {
          "normalized_uvs": true,
          "positions": [
            [ 4, 20, -2 ],
            [ 8, 20, -2 ],
            [ 8, 20, 2 ],
            [ 4, 20, 2 ],
            [ 4, 10, 2 ],
            [ 8, 10, 2 ],
            [ 8, 10, -2 ],
            [ 4, 10, -2 ],
            [ 4, 10, 2 ],
            [ 4, 10, -2 ],
            [ 4, 20, -2 ],
            [ 4, 20, 2 ],
            [ 8, 10, -2 ],
            [ 8, 10, 2 ],
            [ 8, 20, 2 ],
            [ 8, 20, -2 ],
            [ 4, 10, -2 ],
            [ 8, 10, -2 ],
            [ 8, 20, -2 ],
            [ 4, 20, -2 ],
            [ 8, 10, 2 ],
            [ 4, 10, 2 ],
            [ 4, 20, 2 ],
            [ 8, 20, 2 ]
          ],
          "normals": [
            [ 0, 1, 0 ],
            [ 0, -1, 0 ],
            [ -1, 0, 0 ],
            [ 1, 0, 0 ],
            [ 0, 0, -1 ],
            [ 0, 0, 1 ]
          ],
          "uvs": [
            [ 0.84375, 0.40625 ],
            [ 0.875, 0.40625 ],
            [ 0.875, 0.4375 ],
            [ 0.84375, 0.4375 ],
            [ 0.90625, 0.4375 ],
            [ 0.875, 0.4375 ],
            [ 0.875, 0.40625 ],
            [ 0.90625, 0.40625 ],
            [ 0.8125, 0.328125 ],
            [ 0.84375, 0.328125 ],
            [ 0.84375, 0.40625 ],
            [ 0.8125, 0.40625 ],
            [ 0.875, 0.328125 ],
            [ 0.90625, 0.328125 ],
            [ 0.90625, 0.40625 ],
            [ 0.875, 0.40625 ],
            [ 0.84375, 0.328125 ],
            [ 0.875, 0.328125 ],
            [ 0.875, 0.40625 ],
            [ 0.84375, 0.40625 ],
            [ 0.90625, 0.328125 ],
            [ 0.9375, 0.328125 ],
            [ 0.9375, 0.40625 ],
            [ 0.90625, 0.40625 ]
          ],
          "average_normals": null,
          "polys": [
            [
              [ 0, 0, 0 ],
              [ 1, 0, 1 ],
              [ 2, 0, 2 ],
              [ 3, 0, 3 ]
            ],
            [
              [ 4, 1, 4 ],
              [ 5, 1, 5 ],
              [ 6, 1, 6 ],
              [ 7, 1, 7 ]
            ],
            [
              [ 8, 2, 8 ],
              [ 9, 2, 9 ],
              [ 10, 2, 10 ],
              [ 11, 2, 11 ]
            ],
            [
              [ 12, 3, 12 ],
              [ 13, 3, 13 ],
              [ 14, 3, 14 ],
              [ 15, 3, 15 ]
            ],
            [
              [ 16, 4, 16 ],
              [ 17, 4, 17 ],
              [ 18, 4, 18 ],
              [ 19, 4, 19 ]
            ],
            [
              [ 20, 5, 20 ],
              [ 21, 5, 21 ],
              [ 22, 5, 22 ],
              [ 23, 5, 23 ]
            ]
          ]
        }
      }
    ]
  },
  "geometry.smaller_right_wide_arm": {
    "bones": [
      {
        "name": "rightArm",
        "parent": "body",
        "pivot": [ -5, 18, 0 ],
        "rotation": [ 0, 0, 0 ],
        "poly_mesh": {
          "normalized_uvs": true,
          "positions": [
            [ -8, 20, -2 ],
            [ -4, 20, -2 ],
            [ -4, 20, 2 ],
            [ -8, 20, 2 ],
            [ -8, 10, 2 ],
            [ -4, 10, 2 ],
            [ -4, 10, -2 ],
            [ -8, 10, -2 ],
            [ -8, 10, 2 ],
            [ -8, 10, -2 ],
            [ -8, 20, -2 ],
            [ -8, 20, 2 ],
            [ -4, 10, -2 ],
            [ -4, 10, 2 ],
            [ -4, 20, 2 ],
            [ -4, 20, -2 ],
            [ -8, 10, -2 ],
            [ -4, 10, -2 ],
            [ -4, 20, -2 ],
            [ -8, 20, -2 ],
            [ -4, 10, 2 ],
            [ -8, 10, 2 ],
            [ -8, 20, 2 ],
            [ -4, 20, 2 ]
          ],
          "normals": [
            [ 0, 1, 0 ],
            [ 0, -1, 0 ],
            [ -1, 0, 0 ],
            [ 1, 0, 0 ],
            [ 0, 0, -1 ],
            [ 0, 0, 1 ]
          ],
          "uvs": [
            [ 0.53125, 0.40625 ],
            [ 0.5625, 0.40625 ],
            [ 0.5625, 0.4375 ],
            [ 0.53125, 0.4375 ],
            [ 0.59375, 0.4375 ],
            [ 0.5625, 0.4375 ],
            [ 0.5625, 0.40625 ],
            [ 0.59375, 0.40625 ],
            [ 0.5, 0.328125 ],
            [ 0.53125, 0.328125 ],
            [ 0.53125, 0.40625 ],
            [ 0.5, 0.40625 ],
            [ 0.5625, 0.328125 ],
            [ 0.59375, 0.328125 ],
            [ 0.59375, 0.40625 ],
            [ 0.5625, 0.40625 ],
            [ 0.53125, 0.328125 ],
            [ 0.5625, 0.328125 ],
            [ 0.5625, 0.40625 ],
            [ 0.53125, 0.40625 ],
            [ 0.59375, 0.328125 ],
            [ 0.625, 0.328125 ],
            [ 0.625, 0.40625 ],
            [ 0.59375, 0.40625 ]
          ],
          "average_normals": null,
          "polys": [
            [
              [ 0, 0, 0 ],
              [ 1, 0, 1 ],
              [ 2, 0, 2 ],
              [ 3, 0, 3 ]
            ],
            [
              [ 4, 1, 4 ],
              [ 5, 1, 5 ],
              [ 6, 1, 6 ],
              [ 7, 1, 7 ]
            ],
            [
              [ 8, 2, 8 ],
              [ 9, 2, 9 ],
              [ 10, 2, 10 ],
              [ 11, 2, 11 ]
            ],
            [
              [ 12, 3, 12 ],
              [ 13, 3, 13 ],
              [ 14, 3, 14 ],
              [ 15, 3, 15 ]
            ],
            [
              [ 16, 4, 16 ],
              [ 17, 4, 17 ],
              [ 18, 4, 18 ],
              [ 19, 4, 19 ]
            ],
            [
              [ 20, 5, 20 ],
              [ 21, 5, 21 ],
              [ 22, 5, 22 ],
              [ 23, 5, 23 ]
            ]
          ]
        }
      }
    ]
  },
  "geometry.smaller_left_wide_clothing_arm": {
    "bones": [
      {
        "name": "leftSleeve",
        "parent": "leftArm",
        "pivot": [ 5, 18, 0 ],
        "rotation": [ 0, 0, 0 ],
        "poly_mesh": {
          "normalized_uvs": true,
          "positions": [
            [ 3.75, 20.25, -2.25 ],
            [ 8.25, 20.25, -2.25 ],
            [ 8.25, 20.25, 2.25 ],
            [ 3.75, 20.25, 2.25 ],
            [ 3.75, 9.75, 2.25 ],
            [ 8.25, 9.75, 2.25 ],
            [ 8.25, 9.75, -2.25 ],
            [ 3.75, 9.75, -2.25 ],
            [ 3.75, 9.75, 2.25 ],
            [ 3.75, 9.75, -2.25 ],
            [ 3.75, 20.25, -2.25 ],
            [ 3.75, 20.25, 2.25 ],
            [ 8.25, 9.75, -2.25 ],
            [ 8.25, 9.75, 2.25 ],
            [ 8.25, 20.25, 2.25 ],
            [ 8.25, 20.25, -2.25 ],
            [ 3.75, 9.75, -2.25 ],
            [ 8.25, 9.75, -2.25 ],
            [ 8.25, 20.25, -2.25 ],
            [ 3.75, 20.25, -2.25 ],
            [ 8.25, 9.75, 2.25 ],
            [ 3.75, 9.75, 2.25 ],
            [ 3.75, 20.25, 2.25 ],
            [ 8.25, 20.25, 2.25 ]
          ],
          "normals": [
            [ 0, 1, 0 ],
            [ 0, -1, 0 ],
            [ -1, 0, 0 ],
            [ 1, 0, 0 ],
            [ 0, 0, -1 ],
            [ 0, 0, 1 ]
          ],
          "uvs": [
            [ 0.84375, 0.296875 ],
            [ 0.875, 0.296875 ],
            [ 0.875, 0.328125 ],
            [ 0.84375, 0.328125 ],
            [ 0.90625, 0.328125 ],
            [ 0.875, 0.328125 ],
            [ 0.875, 0.296875 ],
            [ 0.90625, 0.296875 ],
            [ 0.8125, 0.21875 ],
            [ 0.84375, 0.21875 ],
            [ 0.84375, 0.296875 ],
            [ 0.8125, 0.296875 ],
            [ 0.875, 0.21875 ],
            [ 0.90625, 0.21875 ],
            [ 0.90625, 0.296875 ],
            [ 0.875, 0.296875 ],
            [ 0.84375, 0.21875 ],
            [ 0.875, 0.21875 ],
            [ 0.875, 0.296875 ],
            [ 0.84375, 0.296875 ],
            [ 0.90625, 0.21875 ],
            [ 0.9375, 0.21875 ],
            [ 0.9375, 0.296875 ],
            [ 0.90625, 0.296875 ]
          ],
          "average_normals": null,
          "polys": [
            [
              [ 0, 0, 0 ],
              [ 1, 0, 1 ],
              [ 2, 0, 2 ],
              [ 3, 0, 3 ]
            ],
            [
              [ 4, 1, 4 ],
              [ 5, 1, 5 ],
              [ 6, 1, 6 ],
              [ 7, 1, 7 ]
            ],
            [
              [ 8, 2, 8 ],
              [ 9, 2, 9 ],
              [ 10, 2, 10 ],
              [ 11, 2, 11 ]
            ],
            [
              [ 12, 3, 12 ],
              [ 13, 3, 13 ],
              [ 14, 3, 14 ],
              [ 15, 3, 15 ]
            ],
            [
              [ 16, 4, 16 ],
              [ 17, 4, 17 ],
              [ 18, 4, 18 ],
              [ 19, 4, 19 ]
            ],
            [
              [ 20, 5, 20 ],
              [ 21, 5, 21 ],
              [ 22, 5, 22 ],
              [ 23, 5, 23 ]
            ]
          ]
        }
      }
    ]
  },
  "geometry.smaller_right_wide_clothing_arm": {
    "bones": [
      {
        "name": "rightSleeve",
        "parent": "rightArm",
        "pivot": [ -5, 18, 0 ],
        "rotation": [ 0, 0, 0 ],
        "poly_mesh": {
          "normalized_uvs": true,
          "positions": [
            [ -8.25, 20.25, -2.25 ],
            [ -3.75, 20.25, -2.25 ],
            [ -3.75, 20.25, 2.25 ],
            [ -8.25, 20.25, 2.25 ],
            [ -8.25, 9.75, 2.25 ],
            [ -3.75, 9.75, 2.25 ],
            [ -3.75, 9.75, -2.25 ],
            [ -8.25, 9.75, -2.25 ],
            [ -8.25, 9.75, 2.25 ],
            [ -8.25, 9.75, -2.25 ],
            [ -8.25, 20.25, -2.25 ],
            [ -8.25, 20.25, 2.25 ],
            [ -3.75, 9.75, -2.25 ],
            [ -3.75, 9.75, 2.25 ],
            [ -3.75, 20.25, 2.25 ],
            [ -3.75, 20.25, -2.25 ],
            [ -8.25, 9.75, -2.25 ],
            [ -3.75, 9.75, -2.25 ],
            [ -3.75, 20.25, -2.25 ],
            [ -8.25, 20.25, -2.25 ],
            [ -3.75, 9.75, 2.25 ],
            [ -8.25, 9.75, 2.25 ],
            [ -8.25, 20.25, 2.25 ],
            [ -3.75, 20.25, 2.25 ]
          ],
          "normals": [
            [ 0, 1, 0 ],
            [ 0, -1, 0 ],
            [ -1, 0, 0 ],
            [ 1, 0, 0 ],
            [ 0, 0, -1 ],
            [ 0, 0, 1 ]
          ],
          "uvs": [
            [ 0.53125, 0.296875 ],
            [ 0.5625, 0.296875 ],
            [ 0.5625, 0.328125 ],
            [ 0.53125, 0.328125 ],
            [ 0.59375, 0.328125 ],
            [ 0.5625, 0.328125 ],
            [ 0.5625, 0.296875 ],
            [ 0.59375, 0.296875 ],
            [ 0.5, 0.21875 ],
            [ 0.53125, 0.21875 ],
            [ 0.53125, 0.296875 ],
            [ 0.5, 0.296875 ],
            [ 0.5625, 0.21875 ],
            [ 0.59375, 0.21875 ],
            [ 0.59375, 0.296875 ],
            [ 0.5625, 0.296875 ],
            [ 0.53125, 0.21875 ],
            [ 0.5625, 0.21875 ],
            [ 0.5625, 0.296875 ],
            [ 0.53125, 0.296875 ],
            [ 0.59375, 0.21875 ],
            [ 0.625, 0.21875 ],
            [ 0.625, 0.296875 ],
            [ 0.59375, 0.296875 ]
          ],
          "average_normals": null,
          "polys": [
            [
              [ 0, 0, 0 ],
              [ 1, 0, 1 ],
              [ 2, 0, 2 ],
              [ 3, 0, 3 ]
            ],
            [
              [ 4, 1, 4 ],
              [ 5, 1, 5 ],
              [ 6, 1, 6 ],
              [ 7, 1, 7 ]
            ],
            [
              [ 8, 2, 8 ],
              [ 9, 2, 9 ],
              [ 10, 2, 10 ],
              [ 11, 2, 11 ]
            ],
            [
              [ 12, 3, 12 ],
              [ 13, 3, 13 ],
              [ 14, 3, 14 ],
              [ 15, 3, 15 ]
            ],
            [
              [ 16, 4, 16 ],
              [ 17, 4, 17 ],
              [ 18, 4, 18 ],
              [ 19, 4, 19 ]
            ],
            [
              [ 20, 5, 20 ],
              [ 21, 5, 21 ],
              [ 22, 5, 22 ],
              [ 23, 5, 23 ]
            ]
          ]
        }
      }
    ]
  },
  "geometry.smaller_left_leg": {
    "bones": [
      {
        "name": "leftLeg",
        "parent": "root",
        "pivot": [ 1.9, 10, 0 ],
        "rotation": [ 0, 0, 0 ],
        "poly_mesh": {
          "normalized_uvs": true,
          "positions": [
            [ -0.09375, 10, -2 ],
            [ 3.90625, 10, -2 ],
            [ 3.90625, 10, 2 ],
            [ -0.09375, 10, 2 ],
            [ -0.09375, 0, 2 ],
            [ 3.90625, 0, 2 ],
            [ 3.90625, 0, -2 ],
            [ -0.09375, 0, -2 ],
            [ -0.09375, 0, 2 ],
            [ -0.09375, 0, -2 ],
            [ -0.09375, 10, -2 ],
            [ -0.09375, 10, 2 ],
            [ 3.90625, 0, -2 ],
            [ 3.90625, 0, 2 ],
            [ 3.90625, 10, 2 ],
            [ 3.90625, 10, -2 ],
            [ -0.09375, 0, -2 ],
            [ 3.90625, 0, -2 ],
            [ 3.90625, 10, -2 ],
            [ -0.09375, 10, -2 ],
            [ 3.90625, 0, 2 ],
            [ -0.09375, 0, 2 ],
            [ -0.09375, 10, 2 ],
            [ 3.90625, 10, 2 ]
          ],
          "normals": [
            [ 0, 1, 0 ],
            [ 0, -1, 0 ],
            [ -1, 0, 0 ],
            [ 1, 0, 0 ],
            [ 0, 0, -1 ],
            [ 0, 0, 1 ]
          ],
          "uvs": [
            [ 0.78125, 0.1875 ],
            [ 0.8125, 0.1875 ],
            [ 0.8125, 0.21875 ],
            [ 0.78125, 0.21875 ],
            [ 0.84375, 0.21875 ],
            [ 0.8125, 0.21875 ],
            [ 0.8125, 0.1875 ],
            [ 0.84375, 0.1875 ],
            [ 0.75, 0.109375 ],
            [ 0.78125, 0.109375 ],
            [ 0.78125, 0.1875 ],
            [ 0.75, 0.1875 ],
            [ 0.8125, 0.109375 ],
            [ 0.84375, 0.109375 ],
            [ 0.84375, 0.1875 ],
            [ 0.8125, 0.1875 ],
            [ 0.78125, 0.109375 ],
            [ 0.8125, 0.109375 ],
            [ 0.8125, 0.1875 ],
            [ 0.78125, 0.1875 ],
            [ 0.84375, 0.109375 ],
            [ 0.875, 0.109375 ],
            [ 0.875, 0.1875 ],
            [ 0.84375, 0.1875 ]
          ],
          "average_normals": null,
          "polys": [
            [
              [ 0, 0, 0 ],
              [ 1, 0, 1 ],
              [ 2, 0, 2 ],
              [ 3, 0, 3 ]
            ],
            [
              [ 4, 1, 4 ],
              [ 5, 1, 5 ],
              [ 6, 1, 6 ],
              [ 7, 1, 7 ]
            ],
            [
              [ 8, 2, 8 ],
              [ 9, 2, 9 ],
              [ 10, 2, 10 ],
              [ 11, 2, 11 ]
            ],
            [
              [ 12, 3, 12 ],
              [ 13, 3, 13 ],
              [ 14, 3, 14 ],
              [ 15, 3, 15 ]
            ],
            [
              [ 16, 4, 16 ],
              [ 17, 4, 17 ],
              [ 18, 4, 18 ],
              [ 19, 4, 19 ]
            ],
            [
              [ 20, 5, 20 ],
              [ 21, 5, 21 ],
              [ 22, 5, 22 ],
              [ 23, 5, 23 ]
            ]
          ]
        }
      }
    ]
  },
  "geometry.smaller_right_leg": {
    "bones": [
      {
        "name": "rightLeg",
        "parent": "root",
        "pivot": [ -1.9, 10, 0 ],
        "rotation": [ 0, 0, 0 ],
        "poly_mesh": {
          "normalized_uvs": true,
          "positions": [
            [ -3.90625, 10, -2 ],
            [ 0.09375, 10, -2 ],
            [ 0.09375, 10, 2 ],
            [ -3.90625, 10, 2 ],
            [ -3.90625, 0, 2 ],
            [ 0.09375, 0, 2 ],
            [ 0.09375, 0, -2 ],
            [ -3.90625, 0, -2 ],
            [ -3.90625, 0, 2 ],
            [ -3.90625, 0, -2 ],
            [ -3.90625, 10, -2 ],
            [ -3.90625, 10, 2 ],
            [ 0.09375, 0, -2 ],
            [ 0.09375, 0, 2 ],
            [ 0.09375, 10, 2 ],
            [ 0.09375, 10, -2 ],
            [ -3.90625, 0, -2 ],
            [ 0.09375, 0, -2 ],
            [ 0.09375, 10, -2 ],
            [ -3.90625, 10, -2 ],
            [ 0.09375, 0, 2 ],
            [ -3.90625, 0, 2 ],
            [ -3.90625, 10, 2 ],
            [ 0.09375, 10, 2 ]
          ],
          "normals": [
            [ 0, 1, 0 ],
            [ 0, -1, 0 ],
            [ -1, 0, 0 ],
            [ 1, 0, 0 ],
            [ 0, 0, -1 ],
            [ 0, 0, 1 ]
          ],
          "uvs": [
            [ 0.65625, 0.1875 ],
            [ 0.6875, 0.1875 ],
            [ 0.6875, 0.21875 ],
            [ 0.65625, 0.21875 ],
            [ 0.71875, 0.21875 ],
            [ 0.6875, 0.21875 ],
            [ 0.6875, 0.1875 ],
            [ 0.71875, 0.1875 ],
            [ 0.625, 0.109375 ],
            [ 0.65625, 0.109375 ],
            [ 0.65625, 0.1875 ],
            [ 0.625, 0.1875 ],
            [ 0.6875, 0.109375 ],
            [ 0.71875, 0.109375 ],
            [ 0.71875, 0.1875 ],
            [ 0.6875, 0.1875 ],
            [ 0.65625, 0.109375 ],
            [ 0.6875, 0.109375 ],
            [ 0.6875, 0.1875 ],
            [ 0.65625, 0.1875 ],
            [ 0.71875, 0.109375 ],
            [ 0.75, 0.109375 ],
            [ 0.75, 0.1875 ],
            [ 0.71875, 0.1875 ]
          ],
          "average_normals": null,
          "polys": [
            [
              [ 0, 0, 0 ],
              [ 1, 0, 1 ],
              [ 2, 0, 2 ],
              [ 3, 0, 3 ]
            ],
            [
              [ 4, 1, 4 ],
              [ 5, 1, 5 ],
              [ 6, 1, 6 ],
              [ 7, 1, 7 ]
            ],
            [
              [ 8, 2, 8 ],
              [ 9, 2, 9 ],
              [ 10, 2, 10 ],
              [ 11, 2, 11 ]
            ],
            [
              [ 12, 3, 12 ],
              [ 13, 3, 13 ],
              [ 14, 3, 14 ],
              [ 15, 3, 15 ]
            ],
            [
              [ 16, 4, 16 ],
              [ 17, 4, 17 ],
              [ 18, 4, 18 ],
              [ 19, 4, 19 ]
            ],
            [
              [ 20, 5, 20 ],
              [ 21, 5, 21 ],
              [ 22, 5, 22 ],
              [ 23, 5, 23 ]
            ]
          ]
        }
      }
    ]
  },
  "geometry.smaller_left_leg_clothing": {
    "bones": [
      {
        "name": "leftPants",
        "parent": "leftLeg",
        "pivot": [ 1.9, 10, 0 ],
        "rotation": [ 0, 0, 0 ],
        "poly_mesh": {
          "normalized_uvs": true,
          "positions": [
            [ -0.34375, 10.25, -2.25 ],
            [ 4.15625, 10.25, -2.25 ],
            [ 4.15625, 10.25, 2.25 ],
            [ -0.34375, 10.25, 2.25 ],
            [ -0.34375, -0.25, 2.25 ],
            [ 4.15625, -0.25, 2.25 ],
            [ 4.15625, -0.25, -2.25 ],
            [ -0.34375, -0.25, -2.25 ],
            [ -0.34375, -0.25, 2.25 ],
            [ -0.34375, -0.25, -2.25 ],
            [ -0.34375, 10.25, -2.25 ],
            [ -0.34375, 10.25, 2.25 ],
            [ 4.15625, -0.25, -2.25 ],
            [ 4.15625, -0.25, 2.25 ],
            [ 4.15625, 10.25, 2.25 ],
            [ 4.15625, 10.25, -2.25 ],
            [ -0.34375, -0.25, -2.25 ],
            [ 4.15625, -0.25, -2.25 ],
            [ 4.15625, 10.25, -2.25 ],
            [ -0.34375, 10.25, -2.25 ],
            [ 4.15625, -0.25, 2.25 ],
            [ -0.34375, -0.25, 2.25 ],
            [ -0.34375, 10.25, 2.25 ],
            [ 4.15625, 10.25, 2.25 ]
          ],
          "normals": [
            [ 0, 1, 0 ],
            [ 0, -1, 0 ],
            [ -1, 0, 0 ],
            [ 1, 0, 0 ],
            [ 0, 0, -1 ],
            [ 0, 0, 1 ]
          ],
          "uvs": [
            [ 0.90625, 0.1875 ],
            [ 0.9375, 0.1875 ],
            [ 0.9375, 0.21875 ],
            [ 0.90625, 0.21875 ],
            [ 0.96875, 0.21875 ],
            [ 0.9375, 0.21875 ],
            [ 0.9375, 0.1875 ],
            [ 0.96875, 0.1875 ],
            [ 0.875, 0.109375 ],
            [ 0.90625, 0.109375 ],
            [ 0.90625, 0.1875 ],
            [ 0.875, 0.1875 ],
            [ 0.9375, 0.109375 ],
            [ 0.96875, 0.109375 ],
            [ 0.96875, 0.1875 ],
            [ 0.9375, 0.1875 ],
            [ 0.90625, 0.109375 ],
            [ 0.9375, 0.109375 ],
            [ 0.9375, 0.1875 ],
            [ 0.90625, 0.1875 ],
            [ 0.96875, 0.109375 ],
            [ 1, 0.109375 ],
            [ 1, 0.1875 ],
            [ 0.96875, 0.1875 ]
          ],
          "average_normals": null,
          "polys": [
            [
              [ 0, 0, 0 ],
              [ 1, 0, 1 ],
              [ 2, 0, 2 ],
              [ 3, 0, 3 ]
            ],
            [
              [ 4, 1, 4 ],
              [ 5, 1, 5 ],
              [ 6, 1, 6 ],
              [ 7, 1, 7 ]
            ],
            [
              [ 8, 2, 8 ],
              [ 9, 2, 9 ],
              [ 10, 2, 10 ],
              [ 11, 2, 11 ]
            ],
            [
              [ 12, 3, 12 ],
              [ 13, 3, 13 ],
              [ 14, 3, 14 ],
              [ 15, 3, 15 ]
            ],
            [
              [ 16, 4, 16 ],
              [ 17, 4, 17 ],
              [ 18, 4, 18 ],
              [ 19, 4, 19 ]
            ],
            [
              [ 20, 5, 20 ],
              [ 21, 5, 21 ],
              [ 22, 5, 22 ],
              [ 23, 5, 23 ]
            ]
          ]
        }
      }
    ]
  },
  "geometry.smaller_right_leg_clothing": {
    "bones": [
      {
        "name": "rightPants",
        "parent": "rightLeg",
        "pivot": [ -1.9, 10, 0 ],
        "rotation": [ 0, 0, 0 ],
        "poly_mesh": {
          "normalized_uvs": true,
          "positions": [
            [ -4.15625, 10.25, -2.25 ],
            [ 0.34375, 10.25, -2.25 ],
            [ 0.34375, 10.25, 2.25 ],
            [ -4.15625, 10.25, 2.25 ],
            [ -4.15625, -0.25, 2.25 ],
            [ 0.34375, -0.25, 2.25 ],
            [ 0.34375, -0.25, -2.25 ],
            [ -4.15625, -0.25, -2.25 ],
            [ -4.15625, -0.25, 2.25 ],
            [ -4.15625, -0.25, -2.25 ],
            [ -4.15625, 10.25, -2.25 ],
            [ -4.15625, 10.25, 2.25 ],
            [ 0.34375, -0.25, -2.25 ],
            [ 0.34375, -0.25, 2.25 ],
            [ 0.34375, 10.25, 2.25 ],
            [ 0.34375, 10.25, -2.25 ],
            [ -4.15625, -0.25, -2.25 ],
            [ 0.34375, -0.25, -2.25 ],
            [ 0.34375, 10.25, -2.25 ],
            [ -4.15625, 10.25, -2.25 ],
            [ 0.34375, -0.25, 2.25 ],
            [ -4.15625, -0.25, 2.25 ],
            [ -4.15625, 10.25, 2.25 ],
            [ 0.34375, 10.25, 2.25 ]
          ],
          "normals": [
            [ 0, 1, 0 ],
            [ 0, -1, 0 ],
            [ -1, 0, 0 ],
            [ 1, 0, 0 ],
            [ 0, 0, -1 ],
            [ 0, 0, 1 ]
          ],
          "uvs": [
            [ 0.53125, 0.1875 ],
            [ 0.5625, 0.1875 ],
            [ 0.5625, 0.21875 ],
            [ 0.53125, 0.21875 ],
            [ 0.59375, 0.21875 ],
            [ 0.5625, 0.21875 ],
            [ 0.5625, 0.1875 ],
            [ 0.59375, 0.1875 ],
            [ 0.5, 0.109375 ],
            [ 0.53125, 0.109375 ],
            [ 0.53125, 0.1875 ],
            [ 0.5, 0.1875 ],
            [ 0.5625, 0.109375 ],
            [ 0.59375, 0.109375 ],
            [ 0.59375, 0.1875 ],
            [ 0.5625, 0.1875 ],
            [ 0.53125, 0.109375 ],
            [ 0.5625, 0.109375 ],
            [ 0.5625, 0.1875 ],
            [ 0.53125, 0.1875 ],
            [ 0.59375, 0.109375 ],
            [ 0.625, 0.109375 ],
            [ 0.625, 0.1875 ],
            [ 0.59375, 0.1875 ]
          ],
          "average_normals": null,
          "polys": [
            [
              [ 0, 0, 0 ],
              [ 1, 0, 1 ],
              [ 2, 0, 2 ],
              [ 3, 0, 3 ]
            ],
            [
              [ 4, 1, 4 ],
              [ 5, 1, 5 ],
              [ 6, 1, 6 ],
              [ 7, 1, 7 ]
            ],
            [
              [ 8, 2, 8 ],
              [ 9, 2, 9 ],
              [ 10, 2, 10 ],
              [ 11, 2, 11 ]
            ],
            [
              [ 12, 3, 12 ],
              [ 13, 3, 13 ],
              [ 14, 3, 14 ],
              [ 15, 3, 15 ]
            ],
            [
              [ 16, 4, 16 ],
              [ 17, 4, 17 ],
              [ 18, 4, 18 ],
              [ 19, 4, 19 ]
            ],
            [
              [ 20, 5, 20 ],
              [ 21, 5, 21 ],
              [ 22, 5, 22 ],
              [ 23, 5, 23 ]
            ]
          ]
        }
      }
    ]
  },
  "geometry.smaller_body_clothing": {
    "bones": [
      {
        "name": "jacket",
        "parent": "body",
        "pivot": [ 0, 20, 0 ],
        "rotation": [ 0, 0, 0 ],
        "poly_mesh": {
          "normalized_uvs": true,
          "positions": [
            [ -4.25, 20.25, -2.25 ],
            [ 4.25, 20.25, -2.25 ],
            [ 4.25, 20.25, 2.25 ],
            [ -4.25, 20.25, 2.25 ],
            [ -4.25, 9.75, 2.25 ],
            [ 4.25, 9.75, 2.25 ],
            [ 4.25, 9.75, -2.25 ],
            [ -4.25, 9.75, -2.25 ],
            [ -4.25, 9.75, 2.25 ],
            [ -4.25, 9.75, -2.25 ],
            [ -4.25, 20.25, -2.25 ],
            [ -4.25, 20.25, 2.25 ],
            [ 4.25, 9.75, -2.25 ],
            [ 4.25, 9.75, 2.25 ],
            [ 4.25, 20.25, 2.25 ],
            [ 4.25, 20.25, -2.25 ],
            [ -4.25, 9.75, -2.25 ],
            [ 4.25, 9.75, -2.25 ],
            [ 4.25, 20.25, -2.25 ],
            [ -4.25, 20.25, -2.25 ],
            [ 4.25, 9.75, 2.25 ],
            [ -4.25, 9.75, 2.25 ],
            [ -4.25, 20.25, 2.25 ],
            [ 4.25, 20.25, 2.25 ]
          ],
          "normals": [
            [ 0, 1, 0 ],
            [ 0, -1, 0 ],
            [ -1, 0, 0 ],
            [ 1, 0, 0 ],
            [ 0, 0, -1 ],
            [ 0, 0, 1 ]
          ],
          "uvs": [
            [ 0.65625, 0.296875 ],
            [ 0.71875, 0.296875 ],
            [ 0.71875, 0.328125 ],
            [ 0.65625, 0.328125 ],
            [ 0.78125, 0.328125 ],
            [ 0.71875, 0.328125 ],
            [ 0.71875, 0.296875 ],
            [ 0.78125, 0.296875 ],
            [ 0.625, 0.21875 ],
            [ 0.65625, 0.21875 ],
            [ 0.65625, 0.296875 ],
            [ 0.625, 0.296875 ],
            [ 0.71875, 0.21875 ],
            [ 0.75, 0.21875 ],
            [ 0.75, 0.296875 ],
            [ 0.71875, 0.296875 ],
            [ 0.65625, 0.21875 ],
            [ 0.71875, 0.21875 ],
            [ 0.71875, 0.296875 ],
            [ 0.65625, 0.296875 ],
            [ 0.75, 0.21875 ],
            [ 0.8125, 0.21875 ],
            [ 0.8125, 0.296875 ],
            [ 0.75, 0.296875 ]
          ],
          "average_normals": null,
          "polys": [
            [
              [ 0, 0, 0 ],
              [ 1, 0, 1 ],
              [ 2, 0, 2 ],
              [ 3, 0, 3 ]
            ],
            [
              [ 4, 1, 4 ],
              [ 5, 1, 5 ],
              [ 6, 1, 6 ],
              [ 7, 1, 7 ]
            ],
            [
              [ 8, 2, 8 ],
              [ 9, 2, 9 ],
              [ 10, 2, 10 ],
              [ 11, 2, 11 ]
            ],
            [
              [ 12, 3, 12 ],
              [ 13, 3, 13 ],
              [ 14, 3, 14 ],
              [ 15, 3, 15 ]
            ],
            [
              [ 16, 4, 16 ],
              [ 17, 4, 17 ],
              [ 18, 4, 18 ],
              [ 19, 4, 19 ]
            ],
            [
              [ 20, 5, 20 ],
              [ 21, 5, 21 ],
              [ 22, 5, 22 ],
              [ 23, 5, 23 ]
            ]
          ]
        }
      }
    ]
  },
  "geometry.smaller_left_slim_arm": {
    "bones": [
      {
        "name": "leftArm",
        "parent": "body",
        "pivot": [ 5, 17.5, 0 ],
        "rotation": [ 0, 0, 0 ],
        "poly_mesh": {
          "normalized_uvs": true,
          "positions": [
            [ 4, 19.5, -2 ],
            [ 7, 19.5, -2 ],
            [ 7, 19.5, 2 ],
            [ 4, 19.5, 2 ],
            [ 4, 9.5, 2 ],
            [ 7, 9.5, 2 ],
            [ 7, 9.5, -2 ],
            [ 4, 9.5, -2 ],
            [ 4, 9.5, 2 ],
            [ 4, 9.5, -2 ],
            [ 4, 19.5, -2 ],
            [ 4, 19.5, 2 ],
            [ 7, 9.5, -2 ],
            [ 7, 9.5, 2 ],
            [ 7, 19.5, 2 ],
            [ 7, 19.5, -2 ],
            [ 4, 9.5, -2 ],
            [ 7, 9.5, -2 ],
            [ 7, 19.5, -2 ],
            [ 4, 19.5, -2 ],
            [ 7, 9.5, 2 ],
            [ 4, 9.5, 2 ],
            [ 4, 19.5, 2 ],
            [ 7, 19.5, 2 ]
          ],
          "normals": [
            [ 0, 1, 0 ],
            [ 0, -1, 0 ],
            [ -1, 0, 0 ],
            [ 1, 0, 0 ],
            [ 0, 0, -1 ],
            [ 0, 0, 1 ]
          ],
          "uvs": [
            [ 0.75, 0.078125 ],
            [ 0.7734375, 0.078125 ],
            [ 0.7734375, 0.109375 ],
            [ 0.75, 0.109375 ],
            [ 0.796875, 0.109375 ],
            [ 0.7734375, 0.109375 ],
            [ 0.7734375, 0.078125 ],
            [ 0.796875, 0.078125 ],
            [ 0.71875, 0 ],
            [ 0.75, 0 ],
            [ 0.75, 0.078125 ],
            [ 0.71875, 0.078125 ],
            [ 0.7734375, 0 ],
            [ 0.8046875, 0 ],
            [ 0.8046875, 0.078125 ],
            [ 0.7734375, 0.078125 ],
            [ 0.75, 0 ],
            [ 0.7734375, 0 ],
            [ 0.7734375, 0.078125 ],
            [ 0.75, 0.078125 ],
            [ 0.8046875, 0 ],
            [ 0.828125, 0 ],
            [ 0.828125, 0.078125 ],
            [ 0.8046875, 0.078125 ]
          ],
          "average_normals": null,
          "polys": [
            [
              [ 0, 0, 0 ],
              [ 1, 0, 1 ],
              [ 2, 0, 2 ],
              [ 3, 0, 3 ]
            ],
            [
              [ 4, 1, 4 ],
              [ 5, 1, 5 ],
              [ 6, 1, 6 ],
              [ 7, 1, 7 ]
            ],
            [
              [ 8, 2, 8 ],
              [ 9, 2, 9 ],
              [ 10, 2, 10 ],
              [ 11, 2, 11 ]
            ],
            [
              [ 12, 3, 12 ],
              [ 13, 3, 13 ],
              [ 14, 3, 14 ],
              [ 15, 3, 15 ]
            ],
            [
              [ 16, 4, 16 ],
              [ 17, 4, 17 ],
              [ 18, 4, 18 ],
              [ 19, 4, 19 ]
            ],
            [
              [ 20, 5, 20 ],
              [ 21, 5, 21 ],
              [ 22, 5, 22 ],
              [ 23, 5, 23 ]
            ]
          ]
        }
      }
    ]
  },
  "geometry.smaller_right_slim_arm": {
    "bones": [
      {
        "name": "rightArm",
        "parent": "body",
        "pivot": [ -5, 17.5, 0 ],
        "rotation": [ 0, 0, 0 ],
        "poly_mesh": {
          "normalized_uvs": true,
          "positions": [
            [ -7, 19.5, -2 ],
            [ -4, 19.5, -2 ],
            [ -4, 19.5, 2 ],
            [ -7, 19.5, 2 ],
            [ -7, 9.5, 2 ],
            [ -4, 9.5, 2 ],
            [ -4, 9.5, -2 ],
            [ -7, 9.5, -2 ],
            [ -7, 9.5, 2 ],
            [ -7, 9.5, -2 ],
            [ -7, 19.5, -2 ],
            [ -7, 19.5, 2 ],
            [ -4, 9.5, -2 ],
            [ -4, 9.5, 2 ],
            [ -4, 19.5, 2 ],
            [ -4, 19.5, -2 ],
            [ -7, 9.5, -2 ],
            [ -4, 9.5, -2 ],
            [ -4, 19.5, -2 ],
            [ -7, 19.5, -2 ],
            [ -4, 9.5, 2 ],
            [ -7, 9.5, 2 ],
            [ -7, 19.5, 2 ],
            [ -4, 19.5, 2 ]
          ],
          "normals": [
            [ 0, 1, 0 ],
            [ 0, -1, 0 ],
            [ -1, 0, 0 ],
            [ 1, 0, 0 ],
            [ 0, 0, -1 ],
            [ 0, 0, 1 ]
          ],
          "uvs": [
            [ 0.640625, 0.078125 ],
            [ 0.6640625, 0.078125 ],
            [ 0.6640625, 0.109375 ],
            [ 0.640625, 0.109375 ],
            [ 0.6875, 0.109375 ],
            [ 0.6640625, 0.109375 ],
            [ 0.6640625, 0.078125 ],
            [ 0.6875, 0.078125 ],
            [ 0.609375, 0 ],
            [ 0.640625, 0 ],
            [ 0.640625, 0.078125 ],
            [ 0.609375, 0.078125 ],
            [ 0.6640625, 0 ],
            [ 0.6953125, 0 ],
            [ 0.6953125, 0.078125 ],
            [ 0.6640625, 0.078125 ],
            [ 0.640625, 0 ],
            [ 0.6640625, 0 ],
            [ 0.6640625, 0.078125 ],
            [ 0.640625, 0.078125 ],
            [ 0.6953125, 0 ],
            [ 0.71875, 0 ],
            [ 0.71875, 0.078125 ],
            [ 0.6953125, 0.078125 ]
          ],
          "average_normals": null,
          "polys": [
            [
              [ 0, 0, 0 ],
              [ 1, 0, 1 ],
              [ 2, 0, 2 ],
              [ 3, 0, 3 ]
            ],
            [
              [ 4, 1, 4 ],
              [ 5, 1, 5 ],
              [ 6, 1, 6 ],
              [ 7, 1, 7 ]
            ],
            [
              [ 8, 2, 8 ],
              [ 9, 2, 9 ],
              [ 10, 2, 10 ],
              [ 11, 2, 11 ]
            ],
            [
              [ 12, 3, 12 ],
              [ 13, 3, 13 ],
              [ 14, 3, 14 ],
              [ 15, 3, 15 ]
            ],
            [
              [ 16, 4, 16 ],
              [ 17, 4, 17 ],
              [ 18, 4, 18 ],
              [ 19, 4, 19 ]
            ],
            [
              [ 20, 5, 20 ],
              [ 21, 5, 21 ],
              [ 22, 5, 22 ],
              [ 23, 5, 23 ]
            ]
          ]
        }
      }
    ]
  },
  "geometry.smaller_left_slim_clothing_arm": {
    "bones": [
      {
        "name": "leftSleeve",
        "parent": "leftArm",
        "pivot": [ 5, 17.5, 0 ],
        "rotation": [ 0, 0, 0 ],
        "poly_mesh": {
          "normalized_uvs": true,
          "positions": [
            [ 3.75, 19.75, -2.25 ],
            [ 7.25, 19.75, -2.25 ],
            [ 7.25, 19.75, 2.25 ],
            [ 3.75, 19.75, 2.25 ],
            [ 3.75, 9.25, 2.25 ],
            [ 7.25, 9.25, 2.25 ],
            [ 7.25, 9.25, -2.25 ],
            [ 3.75, 9.25, -2.25 ],
            [ 3.75, 9.25, 2.25 ],
            [ 3.75, 9.25, -2.25 ],
            [ 3.75, 19.75, -2.25 ],
            [ 3.75, 19.75, 2.25 ],
            [ 7.25, 9.25, -2.25 ],
            [ 7.25, 9.25, 2.25 ],
            [ 7.25, 19.75, 2.25 ],
            [ 7.25, 19.75, -2.25 ],
            [ 3.75, 9.25, -2.25 ],
            [ 7.25, 9.25, -2.25 ],
            [ 7.25, 19.75, -2.25 ],
            [ 3.75, 19.75, -2.25 ],
            [ 7.25, 9.25, 2.25 ],
            [ 3.75, 9.25, 2.25 ],
            [ 3.75, 19.75, 2.25 ],
            [ 7.25, 19.75, 2.25 ]
          ],
          "normals": [
            [ 0, 1, 0 ],
            [ 0, -1, 0 ],
            [ -1, 0, 0 ],
            [ 1, 0, 0 ],
            [ 0, 0, -1 ],
            [ 0, 0, 1 ]
          ],
          "uvs": [
            [ 0.859375, 0.078125 ],
            [ 0.8828125, 0.078125 ],
            [ 0.8828125, 0.109375 ],
            [ 0.859375, 0.109375 ],
            [ 0.90625, 0.109375 ],
            [ 0.8828125, 0.109375 ],
            [ 0.8828125, 0.078125 ],
            [ 0.90625, 0.078125 ],
            [ 0.828125, 0 ],
            [ 0.859375, 0 ],
            [ 0.859375, 0.078125 ],
            [ 0.828125, 0.078125 ],
            [ 0.8828125, 0 ],
            [ 0.9140625, 0 ],
            [ 0.9140625, 0.078125 ],
            [ 0.8828125, 0.078125 ],
            [ 0.859375, 0 ],
            [ 0.8828125, 0 ],
            [ 0.8828125, 0.078125 ],
            [ 0.859375, 0.078125 ],
            [ 0.9140625, 0 ],
            [ 0.9375, 0 ],
            [ 0.9375, 0.078125 ],
            [ 0.9140625, 0.078125 ]
          ],
          "average_normals": null,
          "polys": [
            [
              [ 0, 0, 0 ],
              [ 1, 0, 1 ],
              [ 2, 0, 2 ],
              [ 3, 0, 3 ]
            ],
            [
              [ 4, 1, 4 ],
              [ 5, 1, 5 ],
              [ 6, 1, 6 ],
              [ 7, 1, 7 ]
            ],
            [
              [ 8, 2, 8 ],
              [ 9, 2, 9 ],
              [ 10, 2, 10 ],
              [ 11, 2, 11 ]
            ],
            [
              [ 12, 3, 12 ],
              [ 13, 3, 13 ],
              [ 14, 3, 14 ],
              [ 15, 3, 15 ]
            ],
            [
              [ 16, 4, 16 ],
              [ 17, 4, 17 ],
              [ 18, 4, 18 ],
              [ 19, 4, 19 ]
            ],
            [
              [ 20, 5, 20 ],
              [ 21, 5, 21 ],
              [ 22, 5, 22 ],
              [ 23, 5, 23 ]
            ]
          ]
        }
      }
    ]
  },
  "geometry.smaller_right_slim_clothing_arm": {
    "bones": [
      {
        "name": "rightSleeve",
        "parent": "rightArm",
        "pivot": [ -5, 17.5, 0 ],
        "rotation": [ 0, 0, 0 ],
        "poly_mesh": {
          "normalized_uvs": true,
          "positions": [
            [ -7.25, 19.75, -2.25 ],
            [ -3.75, 19.75, -2.25 ],
            [ -3.75, 19.75, 2.25 ],
            [ -7.25, 19.75, 2.25 ],
            [ -7.25, 9.25, 2.25 ],
            [ -3.75, 9.25, 2.25 ],
            [ -3.75, 9.25, -2.25 ],
            [ -7.25, 9.25, -2.25 ],
            [ -7.25, 9.25, 2.25 ],
            [ -7.25, 9.25, -2.25 ],
            [ -7.25, 19.75, -2.25 ],
            [ -7.25, 19.75, 2.25 ],
            [ -3.75, 9.25, -2.25 ],
            [ -3.75, 9.25, 2.25 ],
            [ -3.75, 19.75, 2.25 ],
            [ -3.75, 19.75, -2.25 ],
            [ -7.25, 9.25, -2.25 ],
            [ -3.75, 9.25, -2.25 ],
            [ -3.75, 19.75, -2.25 ],
            [ -7.25, 19.75, -2.25 ],
            [ -3.75, 9.25, 2.25 ],
            [ -7.25, 9.25, 2.25 ],
            [ -7.25, 19.75, 2.25 ],
            [ -3.75, 19.75, 2.25 ]
          ],
          "normals": [
            [ 0, 1, 0 ],
            [ 0, -1, 0 ],
            [ -1, 0, 0 ],
            [ 1, 0, 0 ],
            [ 0, 0, -1 ],
            [ 0, 0, 1 ]
          ],
          "uvs": [
            [ 0.53125, 0.078125 ],
            [ 0.5546875, 0.078125 ],
            [ 0.5546875, 0.109375 ],
            [ 0.53125, 0.109375 ],
            [ 0.578125, 0.109375 ],
            [ 0.5546875, 0.109375 ],
            [ 0.5546875, 0.078125 ],
            [ 0.578125, 0.078125 ],
            [ 0.5, 0 ],
            [ 0.53125, 0 ],
            [ 0.53125, 0.078125 ],
            [ 0.5, 0.078125 ],
            [ 0.5546875, 0 ],
            [ 0.5859375, 0 ],
            [ 0.5859375, 0.078125 ],
            [ 0.5546875, 0.078125 ],
            [ 0.53125, 0 ],
            [ 0.5546875, 0 ],
            [ 0.5546875, 0.078125 ],
            [ 0.53125, 0.078125 ],
            [ 0.5859375, 0 ],
            [ 0.609375, 0 ],
            [ 0.609375, 0.078125 ],
            [ 0.5859375, 0.078125 ]
          ],
          "average_normals": null,
          "polys": [
            [
              [ 0, 0, 0 ],
              [ 1, 0, 1 ],
              [ 2, 0, 2 ],
              [ 3, 0, 3 ]
            ],
            [
              [ 4, 1, 4 ],
              [ 5, 1, 5 ],
              [ 6, 1, 6 ],
              [ 7, 1, 7 ]
            ],
            [
              [ 8, 2, 8 ],
              [ 9, 2, 9 ],
              [ 10, 2, 10 ],
              [ 11, 2, 11 ]
            ],
            [
              [ 12, 3, 12 ],
              [ 13, 3, 13 ],
              [ 14, 3, 14 ],
              [ 15, 3, 15 ]
            ],
            [
              [ 16, 4, 16 ],
              [ 17, 4, 17 ],
              [ 18, 4, 18 ],
              [ 19, 4, 19 ]
            ],
            [
              [ 20, 5, 20 ],
              [ 21, 5, 21 ],
              [ 22, 5, 22 ],
              [ 23, 5, 23 ]
            ]
          ]
        }
      }
    ]
  }
}