{
  "piece_id": "c3ea4527-e2d7-4aae-86a4-0bb3d1b98d84",
  "piece_name": "smaller",
  "piece_type": "persona_body",
  "clothing_map": "clothing_map.tga",
  "face_clothing_map": "face_clothing_map.tga",
  "body_variant": "smaller",
  "geometry_sources":[
    {
      "zone": "body",
      "arm_size": "",
      "geometry": "geometry.smaller_body"
    },
    {
      "zone": "body_clothing",
      "arm_size": "",
      "geometry": "geometry.smaller_body_clothing"
    },
    {
      "zone": "head",
      "arm_size": "",
      "geometry": "geometry.smaller_head",
      "is_face": "true"
    },
    {
      "zone": "head_clothing",
      "arm_size": "",
      "geometry": "geometry.smaller_head_clothing",
      "is_face": "true"
    },
    {
      "zone": "left_arm",
      "arm_size": "wide",
      "geometry": "geometry.smaller_left_wide_arm"
    },
    {
      "zone": "left_arm_clothing",
      "arm_size": "wide",
      "geometry": "geometry.smaller_left_wide_clothing_arm"
    },
    {
      "zone": "right_arm",
      "arm_size": "wide",
      "geometry": "geometry.smaller_right_wide_arm"
    },
    {
      "zone": "right_arm_clothing",
      "arm_size": "wide",
      "geometry": "geometry.smaller_right_wide_clothing_arm"
    },
    {
      "zone": "left_arm",
      "arm_size": "slim",
      "geometry": "geometry.smaller_left_slim_arm"
    },
    {
      "zone": "left_arm_clothing",
      "arm_size": "slim",
      "geometry": "geometry.smaller_left_slim_clothing_arm"
    },
    {
      "zone": "right_arm",
      "arm_size": "slim",
      "geometry": "geometry.smaller_right_slim_arm"
    },
    {
      "zone": "right_arm_clothing",
      "arm_size": "slim",
      "geometry": "geometry.smaller_right_slim_clothing_arm"
    },
    {
      "zone": "left_leg",
      "arm_size": "",
      "geometry": "geometry.smaller_left_leg"
    },
    {
      "zone": "right_leg",
      "arm_size": "",
      "geometry": "geometry.smaller_right_leg"
    },
    {
      "zone": "left_leg_clothing",
      "arm_size": "",
      "geometry": "geometry.smaller_left_leg_clothing"
    },
    {
      "zone": "right_leg_clothing",
      "arm_size": "",
      "geometry": "geometry.smaller_right_leg_clothing"
    }
  ]
}