{
   "materials" : [
      {
         "name" : "Gameface/Standard",
         "path" : "GamefaceStandard"
      },
      {
         "name" : "Gameface/StencilPath",
         "path" : "GamefaceStencilPath"
      },
      {
         "name" : "Cubemap",
         "path" : "Cubemap"
      },
      {
         "name" : "ActorMultiTexturePrepass",
         "path" : "ActorMultiTexturePrepass"
      },
      {
         "name" : "Stars",
         "path" : "Stars"
      },
      {
         "name" : "Gameface/Renoir",
         "path" : "GamefaceRenoir"
      },
      {
         "name" : "CracksBlockEntity",
         "path" : "CracksBlockEntity"
      },
      {
         "name" : "FloatingPointClear",
         "path" : "FloatingPointClear"
      },
      {
         "name" : "BlitColor",
         "path" : "BlitColor"
      },
      {
         "name" : "BeaconBeam",
         "path" : "BeaconBeam"
      },
      {
         "name" : "Debug/ImGui",
         "path" : "ImGui"
      },
      {
         "name" : "BlockOutlineSelection/Base",
         "path" : "BlockOutlineSelection"
      },
      {
         "name" : "BlockSelectionOverlayBlockEntity",
         "path" : "BlockSelectionOverlayBlockEntity"
      },
      {
         "name" : "Sky",
         "path" : "Sky"
      },
      {
         "name" : "Cracks",
         "path" : "Cracks"
      },
      {
         "name" : "Blit",
         "path" : "Blit"
      },
      {
         "name" : "Gameface/StandardRare",
         "path" : "GamefaceStandardRare"
      },
      {
         "name" : "BlockSelectionOutline",
         "path" : "BlockSelectionOutline"
      },
      {
         "name" : "Clouds",
         "path" : "Clouds"
      },
      {
         "name" : "ShadowOverlay",
         "path" : "ShadowOverlay"
      },
      {
         "name" : "BlockSelectionOverlay",
         "path" : "BlockSelectionOverlay"
      },
      {
         "name" : "SunMoon",
         "path" : "SunMoon"
      },
      {
         "name" : "EditorBlockVolumeWireframe",
         "path" : "EditorBlockVolumeWireframe"
      },
      {
         "name" : "DeferredShading",
         "path" : "DeferredShading"
      },
      {
         "name" : "EditorSelectionCursor",
         "path" : "EditorSelectionCursor"
      },
      {
         "name" : "Gameface/TexturesWithColorMix",
         "path" : "GamefaceTexturesWithColorMix"
      },
      {
         "name" : "EditorBlockVolumeHull",
         "path" : "EditorBlockVolumeHull"
      },
      {
         "name" : "Gameface/Path",
         "path" : "GamefacePath"
      },
      {
         "name" : "Core/Screen/Blit",
         "path" : "ScreenBlit"
      },
      {
         "name" : "Gameface/ClearQuad",
         "path" : "GamefaceClearQuad"
      },
      {
         "name" : "FlameBillboard",
         "path" : "FlameBillboard"
      },
      {
         "name" : "ShadowVolume",
         "path" : "ShadowVolume"
      },
      {
         "name" : "EndSky",
         "path" : "EndSky"
      },
      {
         "name" : "DisplayMap",
         "path" : "displaymap"
      },
      {
         "name" : "ItemInHandTextured",
         "path" : "ItemInHandTextured"
      },
      {
         "name" : "ItemInHandColor",
         "path" : "ItemInHandColor"
      },
      {
         "name" : "Flipbook",
         "path" : "Flipbook"
      },
      {
         "name" : "LegacyCubemap",
         "path" : "LegacyCubemap"
      },
      {
         "name" : "Particle",
         "path" : "Particle"
      },
      {
         "name" : "Gameface/StandardBatched",
         "path" : "GamefaceStandardBatched"
      },
      {
         "name" : "UI/Blit",
         "path" : "UIBlit"
      },
      {
         "name" : "Checkerboarding",
         "path" : "Checkerboarding"
      },
      {
         "name" : "PrepassFallback",
         "path" : "PrepassFallback"
      },
      {
         "name" : "UI/Sprite",
         "path" : "UISprite"
      },
      {
         "name" : "UI/Fill",
         "path" : "UIFill"
      },
      {
         "name" : "Gameface/Stencil",
         "path" : "GamefaceStencil"
      },
      {
         "name" : "Minecraft/Color",
         "path" : "MinecraftColor"
      },
      {
         "name" : "PostFX",
         "path" : "PostFX"
      },
      {
         "name" : "Gameface/StencilRare",
         "path" : "GamefaceStencilRare"
      },
      {
         "name" : "EndPortal",
         "path" : "EndPortal"
      },
      {
         "name" : "UI/Base",
         "path" : "UIBase"
      },
      {
         "name" : "PBR/Opaque",
         "path" : "Basic"
      },
      {
         "name" : "StandardRed",
         "path" : "StandardRed"
      },
      {
         "name" : "UI/Glint",
         "path" : "UIGlint"
      },
      {
         "name" : "Core/Color",
         "path" : "Color"
      },
      {
         "name" : "PostFX.ToneMapping",
         "path" : "PostFX.Tonemapping"
      },
      {
         "name" : "Debug/ScreenUV",
         "path" : "ScreenUV"
      },
      {
         "name" : "TDR",
         "path" : "TDR"
      },
      {
         "name" : "LightClustering",
         "path" : "LightClustering"
      },
      {
         "name" : "ItemInHandColorGlint",
         "path" : "ItemInHandColorGlint"
      },
      {
         "name" : "PostFX.Debug",
         "path" : "PostFX.Debug"
      },
      {
         "name" : "UI/Text",
         "path" : "UIText"
      },
      {
         "name" : "Core/Screen/Mip",
         "path" : "Mip"
      },
      {
         "name" : "PBR/BRDF",
         "path" : "BRDF"
      },
      {
         "name" : "Weather",
         "path" : "Weather"
      },
      {
         "name" : "PostFX.Bloom",
         "path" : "PostFX.Bloom"
      },
      {
         "name" : "ItemInHandPrepass",
         "path" : "ItemInHandPrepass"
      },
      {
         "name" : "ItemInHandPrepassTextured",
         "path" : "ItemInHandPrepassTextured"
      },
      {
         "name" : "ItemInHandPrepassGlint",
         "path" : "ItemInHandPrepassGlint"
      },
      {
         "name" : "MeshFallbackPosUVNormalColor",
         "path" : "MeshFallbackPosUVNormalColor"
      },
      {
         "name" : "Core/Builtins",
         "path" : "Builtins"
      },
      {
         "name" : "RenderChunkPrepass",
         "path" : "RenderChunkPrepass"
      },
      {
         "name" : "ActorTint",
         "path" : "ActorTint"
      },
      {
         "name" : "ActorGlint",
         "path" : "ActorGlint"
      },
      {
         "name" : "RenderChunk",
         "path" : "RenderChunk"
      },
      {
         "name" : "ActorBanner",
         "path" : "ActorBanner"
      },
      {
         "name" : "ActorGlintPrepass",
         "path" : "ActorGlintPrepass"
      },
      {
         "name" : "RTXStub",
         "path" : "RTXStub"
      },
      {
         "name" : "ActorTintPrepass",
         "path" : "ActorTintPrepass"
      },
      {
         "name" : "ActorBannerPrepass",
         "path" : "ActorBannerPrepass"
      },
      {
         "name" : "ActorMultiTexture",
         "path" : "ActorMultiTexture"
      },
      {
         "name" : "Entity",
         "path" : "Entity"
      },
      {
         "name" : "Actor",
         "path" : "Actor"
      },
      {
         "name" : "ActorPrepass",
         "path" : "ActorPrepass"
      }
   ]
}
