{
    "content": [
        {
            "path": "manifest.json"
        },
        {
            "path": "entities/boat.json"
        },
        {
            "path": "entities/camel.json"
        },
        {
            "path": "entities/chest_boat.json"
        },
        {
            "path": "loot_tables/entities/desert_pyramid_suspicious_sand.json"
        },
        {
            "path": "loot_tables/entities/desert_well_suspicious_sand.json"
        },
        {
            "path": "loot_tables/entities/empty_suspicious_sand.json"
        },
        {
            "path": "recipes/acacia_hanging_sign.json"
        },
        {
            "path": "recipes/bamboo_block.json"
        },
        {
            "path": "recipes/bamboo_button.json"
        },
        {
            "path": "recipes/bamboo_chest_raft.json"
        },
        {
            "path": "recipes/bamboo_door.json"
        },
        {
            "path": "recipes/bamboo_fence.json"
        },
        {
            "path": "recipes/bamboo_fence_gate.json"
        },
        {
            "path": "recipes/bamboo_hanging_sign.json"
        },
        {
            "path": "recipes/bamboo_mosaic.json"
        },
        {
            "path": "recipes/bamboo_mosaic_slab.json"
        },
        {
            "path": "recipes/bamboo_mosiac_stairs.json"
        },
        {
            "path": "recipes/bamboo_planks.json"
        },
        {
            "path": "recipes/bamboo_planks_from_stripped.json"
        },
        {
            "path": "recipes/bamboo_pressure_plate.json"
        },
        {
            "path": "recipes/bamboo_raft.json"
        },
        {
            "path": "recipes/bamboo_sign.json"
        },
        {
            "path": "recipes/bamboo_slab.json"
        },
        {
            "path": "recipes/bamboo_stairs.json"
        },
        {
            "path": "recipes/bamboo_trapdoor.json"
        },
        {
            "path": "recipes/birch_hanging_sign.json"
        },
        {
            "path": "recipes/brush.json"
        },
        {
            "path": "recipes/chiseled_bookshelf.json"
        },
        {
            "path": "recipes/crimson_hanging_sign.json"
        },
        {
            "path": "recipes/dark_oak_hanging_sign.json"
        },
        {
            "path": "recipes/jungle_hanging_sign.json"
        },
        {
            "path": "recipes/mangrove_hanging_sign.json"
        },
        {
            "path": "recipes/oak_hanging_sign.json"
        },
        {
            "path": "recipes/spruce_hanging_sign.json"
        },
        {
            "path": "recipes/warped_hanging_sign.json"
        },
        {
            "path": "structures/village/desert/town_centers/desert_meeting_point_1.nbt"
        },
        {
            "path": "structures/village/desert/town_centers/desert_meeting_point_2.nbt"
        },
        {
            "path": "structures/village/desert/town_centers/desert_meeting_point_3.nbt"
        }
    ]
}
