{
  "format_version": "1.12.0",
  "geometry.small_body": {
    "bones": [
      {
        "name": "root",
        "pivot": [ 0.0, 0.0, 0.0 ]
      },
      {
        "name": "waist",
        "parent": "root",
        "pivot": [ 0.0, 11.0, 0.0 ]
      },
      {
        "name": "body",
        "parent": "waist",
        "pivot": [ 0, 22, 0 ],
        "rotation": [ 0, 0, 0 ],
        "poly_mesh": {
          "normalized_uvs": true,
          "positions": [
            [ -4, 22, -2 ],
            [ 4, 22, -2 ],
            [ 4, 22, 2 ],
            [ -4, 22, 2 ],
            [ -4, 11, 2 ],
            [ 4, 11, 2 ],
            [ 4, 11, -2 ],
            [ -4, 11, -2 ],
            [ -4, 11, 2 ],
            [ -4, 11, -2 ],
            [ -4, 22, -2 ],
            [ -4, 22, 2 ],
            [ 4, 11, -2 ],
            [ 4, 11, 2 ],
            [ 4, 22, 2 ],
            [ 4, 22, -2 ],
            [ -4, 11, -2 ],
            [ 4, 11, -2 ],
            [ 4, 22, -2 ],
            [ -4, 22, -2 ],
            [ 4, 11, 2 ],
            [ -4, 11, 2 ],
            [ -4, 22, 2 ],
            [ 4, 22, 2 ]
          ],
          "normals": [
            [ 0, 1, 0 ],
            [ 0, -1, 0 ],
            [ -1, 0, 0 ],
            [ 1, 0, 0 ],
            [ 0, 0, -1 ],
            [ 0, 0, 1 ]
          ],
          "uvs": [
            [ 0.15625, 0.4375 ],
            [ 0.21875, 0.4375 ],
            [ 0.21875, 0.46875 ],
            [ 0.15625, 0.46875 ],
            [ 0.28125, 0.46875 ],
            [ 0.21875, 0.46875 ],
            [ 0.21875, 0.4375 ],
            [ 0.28125, 0.4375 ],
            [ 0.125, 0.3515625 ],
            [ 0.15625, 0.3515625 ],
            [ 0.15625, 0.4375 ],
            [ 0.125, 0.4375 ],
            [ 0.21875, 0.3515625 ],
            [ 0.25, 0.3515625 ],
            [ 0.25, 0.4375 ],
            [ 0.21875, 0.4375 ],
            [ 0.15625, 0.3515625 ],
            [ 0.21875, 0.3515625 ],
            [ 0.21875, 0.4375 ],
            [ 0.15625, 0.4375 ],
            [ 0.25, 0.3515625 ],
            [ 0.3125, 0.3515625 ],
            [ 0.3125, 0.4375 ],
            [ 0.25, 0.4375 ]
          ],
          "average_normals": null,
          "polys": [
            [
              [ 0, 0, 0 ],
              [ 1, 0, 1 ],
              [ 2, 0, 2 ],
              [ 3, 0, 3 ]
            ],
            [
              [ 4, 1, 4 ],
              [ 5, 1, 5 ],
              [ 6, 1, 6 ],
              [ 7, 1, 7 ]
            ],
            [
              [ 8, 2, 8 ],
              [ 9, 2, 9 ],
              [ 10, 2, 10 ],
              [ 11, 2, 11 ]
            ],
            [
              [ 12, 3, 12 ],
              [ 13, 3, 13 ],
              [ 14, 3, 14 ],
              [ 15, 3, 15 ]
            ],
            [
              [ 16, 4, 16 ],
              [ 17, 4, 17 ],
              [ 18, 4, 18 ],
              [ 19, 4, 19 ]
            ],
            [
              [ 20, 5, 20 ],
              [ 21, 5, 21 ],
              [ 22, 5, 22 ],
              [ 23, 5, 23 ]
            ]
          ]
        }
      }
    ]
  },
  "geometry.small_head": {
    "bones": [
      {
        "name": "head",
        "parent": "body",
        "pivot": [ 0, 22, 0 ],
        "rotation": null,
        "poly_mesh": {
          "normalized_uvs": true,
          "positions": [
            [ -4, 30, -4 ],
            [ 4, 30, -4 ],
            [ 4, 30, 4 ],
            [ -4, 30, 4 ],
            [ -4, 22, 4 ],
            [ 4, 22, 4 ],
            [ 4, 22, -4 ],
            [ -4, 22, -4 ],
            [ -4, 22, 4 ],
            [ -4, 22, -4 ],
            [ -4, 30, -4 ],
            [ -4, 30, 4 ],
            [ 4, 22, -4 ],
            [ 4, 22, 4 ],
            [ 4, 30, 4 ],
            [ 4, 30, -4 ],
            [ -4, 22, -4 ],
            [ 4, 22, -4 ],
            [ 4, 30, -4 ],
            [ -4, 30, -4 ],
            [ 4, 22, 4 ],
            [ -4, 22, 4 ],
            [ -4, 30, 4 ],
            [ 4, 30, 4 ]
          ],
          "normals": [
            [ 0, 1, 0 ],
            [ 0, -1, 0 ],
            [ -1, 0, 0 ],
            [ 1, 0, 0 ],
            [ 0, 0, -1 ],
            [ 0, 0, 1 ]
          ],
          "uvs": [
            [ 0.25, 0.75 ],
            [ 0.5, 0.75 ],
            [ 0.5, 1 ],
            [ 0.25, 1 ],
            [ 0.75, 1 ],
            [ 0.5, 1 ],
            [ 0.5, 0.75 ],
            [ 0.75, 0.75 ],
            [ 0, 0.5 ],
            [ 0.25, 0.5 ],
            [ 0.25, 0.75 ],
            [ 0, 0.75 ],
            [ 0.5, 0.5 ],
            [ 0.75, 0.5 ],
            [ 0.75, 0.75 ],
            [ 0.5, 0.75 ],
            [ 0.25, 0.5 ],
            [ 0.5, 0.5 ],
            [ 0.5, 0.75 ],
            [ 0.25, 0.75 ],
            [ 0.75, 0.5 ],
            [ 1, 0.5 ],
            [ 1, 0.75 ],
            [ 0.75, 0.75 ]
          ],
          "polys": [
            [
              [ 0, 0, 0 ],
              [ 1, 0, 1 ],
              [ 2, 0, 2 ],
              [ 3, 0, 3 ]
            ],
            [
              [ 4, 1, 4 ],
              [ 5, 1, 5 ],
              [ 6, 1, 6 ],
              [ 7, 1, 7 ]
            ],
            [
              [ 8, 2, 8 ],
              [ 9, 2, 9 ],
              [ 10, 2, 10 ],
              [ 11, 2, 11 ]
            ],
            [
              [ 12, 3, 12 ],
              [ 13, 3, 13 ],
              [ 14, 3, 14 ],
              [ 15, 3, 15 ]
            ],
            [
              [ 16, 4, 16 ],
              [ 17, 4, 17 ],
              [ 18, 4, 18 ],
              [ 19, 4, 19 ]
            ],
            [
              [ 20, 5, 20 ],
              [ 21, 5, 21 ],
              [ 22, 5, 22 ],
              [ 23, 5, 23 ]
            ]
          ]
        }
      }
    ]
  },
  "geometry.small_head_clothing": {
    "bones": [
      {
        "name": "hat",
        "parent": "head",
        "pivot": [ 0, 22, 0 ],
        "rotation": null,
        "poly_mesh": {
          "normalized_uvs": true,
          "positions": [
            [ -4.5, 30.5, -4.5 ],
            [ 4.5, 30.5, -4.5 ],
            [ 4.5, 30.5, 4.5 ],
            [ -4.5, 30.5, 4.5 ],
            [ -4.5, 21.5, 4.5 ],
            [ 4.5, 21.5, 4.5 ],
            [ 4.5, 21.5, -4.5 ],
            [ -4.5, 21.5, -4.5 ],
            [ -4.5, 21.5, 4.5 ],
            [ -4.5, 21.5, -4.5 ],
            [ -4.5, 30.5, -4.5 ],
            [ -4.5, 30.5, 4.5 ],
            [ 4.5, 21.5, -4.5 ],
            [ 4.5, 21.5, 4.5 ],
            [ 4.5, 30.5, 4.5 ],
            [ 4.5, 30.5, -4.5 ],
            [ -4.5, 21.5, -4.5 ],
            [ 4.5, 21.5, -4.5 ],
            [ 4.5, 30.5, -4.5 ],
            [ -4.5, 30.5, -4.5 ],
            [ 4.5, 21.5, 4.5 ],
            [ -4.5, 21.5, 4.5 ],
            [ -4.5, 30.5, 4.5 ],
            [ 4.5, 30.5, 4.5 ]
          ],
          "normals": [
            [ 0, 1, 0 ],
            [ 0, -1, 0 ],
            [ -1, 0, 0 ],
            [ 1, 0, 0 ],
            [ 0, 0, -1 ],
            [ 0, 0, 1 ]
          ],
          "uvs": [
            [ 0.25, 0.25 ],
            [ 0.5, 0.25 ],
            [ 0.5, 0.5 ],
            [ 0.25, 0.5 ],
            [ 0.75, 0.5 ],
            [ 0.5, 0.5 ],
            [ 0.5, 0.25 ],
            [ 0.75, 0.25 ],
            [ 0, 0 ],
            [ 0.25, 0 ],
            [ 0.25, 0.25 ],
            [ 0, 0.25 ],
            [ 0.5, 0 ],
            [ 0.75, 0 ],
            [ 0.75, 0.25 ],
            [ 0.5, 0.25 ],
            [ 0.25, 0 ],
            [ 0.5, 0 ],
            [ 0.5, 0.25 ],
            [ 0.25, 0.25 ],
            [ 0.75, 0 ],
            [ 1, 0 ],
            [ 1, 0.25 ],
            [ 0.75, 0.25 ]
          ],
          "polys": [
            [
              [ 0, 0, 0 ],
              [ 1, 0, 1 ],
              [ 2, 0, 2 ],
              [ 3, 0, 3 ]
            ],
            [
              [ 4, 1, 4 ],
              [ 5, 1, 5 ],
              [ 6, 1, 6 ],
              [ 7, 1, 7 ]
            ],
            [
              [ 8, 2, 8 ],
              [ 9, 2, 9 ],
              [ 10, 2, 10 ],
              [ 11, 2, 11 ]
            ],
            [
              [ 12, 3, 12 ],
              [ 13, 3, 13 ],
              [ 14, 3, 14 ],
              [ 15, 3, 15 ]
            ],
            [
              [ 16, 4, 16 ],
              [ 17, 4, 17 ],
              [ 18, 4, 18 ],
              [ 19, 4, 19 ]
            ],
            [
              [ 20, 5, 20 ],
              [ 21, 5, 21 ],
              [ 22, 5, 22 ],
              [ 23, 5, 23 ]
            ]
          ]
        }
      }
    ]
  },
  "geometry.small_left_wide_arm": {
    "bones": [
      {
        "name": "leftArm",
        "parent": "body",
        "pivot": [ 5, 20, 0 ],
        "rotation": [ 0, 0, 0 ],
        "poly_mesh": {
          "normalized_uvs": true,
          "positions": [
            [ 4, 22, -2 ],
            [ 8, 22, -2 ],
            [ 8, 22, 2 ],
            [ 4, 22, 2 ],
            [ 4, 11, 2 ],
            [ 8, 11, 2 ],
            [ 8, 11, -2 ],
            [ 4, 11, -2 ],
            [ 4, 11, 2 ],
            [ 4, 11, -2 ],
            [ 4, 22, -2 ],
            [ 4, 22, 2 ],
            [ 8, 11, -2 ],
            [ 8, 11, 2 ],
            [ 8, 22, 2 ],
            [ 8, 22, -2 ],
            [ 4, 11, -2 ],
            [ 8, 11, -2 ],
            [ 8, 22, -2 ],
            [ 4, 22, -2 ],
            [ 8, 11, 2 ],
            [ 4, 11, 2 ],
            [ 4, 22, 2 ],
            [ 8, 22, 2 ]
          ],
          "normals": [
            [ 0, 1, 0 ],
            [ 0, -1, 0 ],
            [ -1, 0, 0 ],
            [ 1, 0, 0 ],
            [ 0, 0, -1 ],
            [ 0, 0, 1 ]
          ],
          "uvs": [
            [ 0.34375, 0.4375 ],
            [ 0.375, 0.4375 ],
            [ 0.375, 0.46875 ],
            [ 0.34375, 0.46875 ],
            [ 0.40625, 0.46875 ],
            [ 0.375, 0.46875 ],
            [ 0.375, 0.4375 ],
            [ 0.40625, 0.4375 ],
            [ 0.3125, 0.3515625 ],
            [ 0.34375, 0.3515625 ],
            [ 0.34375, 0.4375 ],
            [ 0.3125, 0.4375 ],
            [ 0.375, 0.3515625 ],
            [ 0.40625, 0.3515625 ],
            [ 0.40625, 0.4375 ],
            [ 0.375, 0.4375 ],
            [ 0.34375, 0.3515625 ],
            [ 0.375, 0.3515625 ],
            [ 0.375, 0.4375 ],
            [ 0.34375, 0.4375 ],
            [ 0.40625, 0.3515625 ],
            [ 0.4375, 0.3515625 ],
            [ 0.4375, 0.4375 ],
            [ 0.40625, 0.4375 ]
          ],
          "average_normals": null,
          "polys": [
            [
              [ 0, 0, 0 ],
              [ 1, 0, 1 ],
              [ 2, 0, 2 ],
              [ 3, 0, 3 ]
            ],
            [
              [ 4, 1, 4 ],
              [ 5, 1, 5 ],
              [ 6, 1, 6 ],
              [ 7, 1, 7 ]
            ],
            [
              [ 8, 2, 8 ],
              [ 9, 2, 9 ],
              [ 10, 2, 10 ],
              [ 11, 2, 11 ]
            ],
            [
              [ 12, 3, 12 ],
              [ 13, 3, 13 ],
              [ 14, 3, 14 ],
              [ 15, 3, 15 ]
            ],
            [
              [ 16, 4, 16 ],
              [ 17, 4, 17 ],
              [ 18, 4, 18 ],
              [ 19, 4, 19 ]
            ],
            [
              [ 20, 5, 20 ],
              [ 21, 5, 21 ],
              [ 22, 5, 22 ],
              [ 23, 5, 23 ]
            ]
          ]
        }
      }
    ]
  },
  "geometry.small_right_wide_arm": {
    "bones": [
      {
        "name": "rightArm",
        "parent": "body",
        "pivot": [ -5, 20, 0 ],
        "rotation": [ 0, 0, 0 ],
        "poly_mesh": {
          "normalized_uvs": true,
          "positions": [
            [ -8, 22, -2 ],
            [ -4, 22, -2 ],
            [ -4, 22, 2 ],
            [ -8, 22, 2 ],
            [ -8, 11, 2 ],
            [ -4, 11, 2 ],
            [ -4, 11, -2 ],
            [ -8, 11, -2 ],
            [ -8, 11, 2 ],
            [ -8, 11, -2 ],
            [ -8, 22, -2 ],
            [ -8, 22, 2 ],
            [ -4, 11, -2 ],
            [ -4, 11, 2 ],
            [ -4, 22, 2 ],
            [ -4, 22, -2 ],
            [ -8, 11, -2 ],
            [ -4, 11, -2 ],
            [ -4, 22, -2 ],
            [ -8, 22, -2 ],
            [ -4, 11, 2 ],
            [ -8, 11, 2 ],
            [ -8, 22, 2 ],
            [ -4, 22, 2 ]
          ],
          "normals": [
            [ 0, 1, 0 ],
            [ 0, -1, 0 ],
            [ -1, 0, 0 ],
            [ 1, 0, 0 ],
            [ 0, 0, -1 ],
            [ 0, 0, 1 ]
          ],
          "uvs": [
            [ 0.03125, 0.4375 ],
            [ 0.0625, 0.4375 ],
            [ 0.0625, 0.46875 ],
            [ 0.03125, 0.46875 ],
            [ 0.09375, 0.46875 ],
            [ 0.0625, 0.46875 ],
            [ 0.0625, 0.4375 ],
            [ 0.09375, 0.4375 ],
            [ 0, 0.3515625 ],
            [ 0.03125, 0.3515625 ],
            [ 0.03125, 0.4375 ],
            [ 0, 0.4375 ],
            [ 0.0625, 0.3515625 ],
            [ 0.09375, 0.3515625 ],
            [ 0.09375, 0.4375 ],
            [ 0.0625, 0.4375 ],
            [ 0.03125, 0.3515625 ],
            [ 0.0625, 0.3515625 ],
            [ 0.0625, 0.4375 ],
            [ 0.03125, 0.4375 ],
            [ 0.09375, 0.3515625 ],
            [ 0.125, 0.3515625 ],
            [ 0.125, 0.4375 ],
            [ 0.09375, 0.4375 ]
          ],
          "average_normals": null,
          "polys": [
            [
              [ 0, 0, 0 ],
              [ 1, 0, 1 ],
              [ 2, 0, 2 ],
              [ 3, 0, 3 ]
            ],
            [
              [ 4, 1, 4 ],
              [ 5, 1, 5 ],
              [ 6, 1, 6 ],
              [ 7, 1, 7 ]
            ],
            [
              [ 8, 2, 8 ],
              [ 9, 2, 9 ],
              [ 10, 2, 10 ],
              [ 11, 2, 11 ]
            ],
            [
              [ 12, 3, 12 ],
              [ 13, 3, 13 ],
              [ 14, 3, 14 ],
              [ 15, 3, 15 ]
            ],
            [
              [ 16, 4, 16 ],
              [ 17, 4, 17 ],
              [ 18, 4, 18 ],
              [ 19, 4, 19 ]
            ],
            [
              [ 20, 5, 20 ],
              [ 21, 5, 21 ],
              [ 22, 5, 22 ],
              [ 23, 5, 23 ]
            ]
          ]
        }
      }
    ]
  },
  "geometry.small_left_wide_clothing_arm": {
    "bones": [
      {
        "name": "leftSleeve",
        "parent": "leftArm",
        "pivot": [ 5, 20, 0 ],
        "rotation": [ 0, 0, 0 ],
        "poly_mesh": {
          "normalized_uvs": true,
          "positions": [
            [ 3.75, 22.25, -2.25 ],
            [ 8.25, 22.25, -2.25 ],
            [ 8.25, 22.25, 2.25 ],
            [ 3.75, 22.25, 2.25 ],
            [ 3.75, 10.75, 2.25 ],
            [ 8.25, 10.75, 2.25 ],
            [ 8.25, 10.75, -2.25 ],
            [ 3.75, 10.75, -2.25 ],
            [ 3.75, 10.75, 2.25 ],
            [ 3.75, 10.75, -2.25 ],
            [ 3.75, 22.25, -2.25 ],
            [ 3.75, 22.25, 2.25 ],
            [ 8.25, 10.75, -2.25 ],
            [ 8.25, 10.75, 2.25 ],
            [ 8.25, 22.25, 2.25 ],
            [ 8.25, 22.25, -2.25 ],
            [ 3.75, 10.75, -2.25 ],
            [ 8.25, 10.75, -2.25 ],
            [ 8.25, 22.25, -2.25 ],
            [ 3.75, 22.25, -2.25 ],
            [ 8.25, 10.75, 2.25 ],
            [ 3.75, 10.75, 2.25 ],
            [ 3.75, 22.25, 2.25 ],
            [ 8.25, 22.25, 2.25 ]
          ],
          "normals": [
            [ 0, 1, 0 ],
            [ 0, -1, 0 ],
            [ -1, 0, 0 ],
            [ 1, 0, 0 ],
            [ 0, 0, -1 ],
            [ 0, 0, 1 ]
          ],
          "uvs": [
            [ 0.34375, 0.3203125 ],
            [ 0.375, 0.3203125 ],
            [ 0.375, 0.3515625 ],
            [ 0.34375, 0.3515625 ],
            [ 0.40625, 0.3515625 ],
            [ 0.375, 0.3515625 ],
            [ 0.375, 0.3203125 ],
            [ 0.40625, 0.3203125 ],
            [ 0.3125, 0.234375 ],
            [ 0.34375, 0.234375 ],
            [ 0.34375, 0.3203125 ],
            [ 0.3125, 0.3203125 ],
            [ 0.375, 0.234375 ],
            [ 0.40625, 0.234375 ],
            [ 0.40625, 0.3203125 ],
            [ 0.375, 0.3203125 ],
            [ 0.34375, 0.234375 ],
            [ 0.375, 0.234375 ],
            [ 0.375, 0.3203125 ],
            [ 0.34375, 0.3203125 ],
            [ 0.40625, 0.234375 ],
            [ 0.4375, 0.234375 ],
            [ 0.4375, 0.3203125 ],
            [ 0.40625, 0.3203125 ]
          ],
          "average_normals": null,
          "polys": [
            [
              [ 0, 0, 0 ],
              [ 1, 0, 1 ],
              [ 2, 0, 2 ],
              [ 3, 0, 3 ]
            ],
            [
              [ 4, 1, 4 ],
              [ 5, 1, 5 ],
              [ 6, 1, 6 ],
              [ 7, 1, 7 ]
            ],
            [
              [ 8, 2, 8 ],
              [ 9, 2, 9 ],
              [ 10, 2, 10 ],
              [ 11, 2, 11 ]
            ],
            [
              [ 12, 3, 12 ],
              [ 13, 3, 13 ],
              [ 14, 3, 14 ],
              [ 15, 3, 15 ]
            ],
            [
              [ 16, 4, 16 ],
              [ 17, 4, 17 ],
              [ 18, 4, 18 ],
              [ 19, 4, 19 ]
            ],
            [
              [ 20, 5, 20 ],
              [ 21, 5, 21 ],
              [ 22, 5, 22 ],
              [ 23, 5, 23 ]
            ]
          ]
        }
      }
    ]
  },
  "geometry.small_right_wide_clothing_arm": {
    "bones": [
      {
        "name": "rightSleeve",
        "parent": "rightArm",
        "pivot": [ -5, 20, 0 ],
        "rotation": [ 0, 0, 0 ],
        "poly_mesh": {
          "normalized_uvs": true,
          "positions": [
            [ -8.25, 22.25, -2.25 ],
            [ -3.75, 22.25, -2.25 ],
            [ -3.75, 22.25, 2.25 ],
            [ -8.25, 22.25, 2.25 ],
            [ -8.25, 10.75, 2.25 ],
            [ -3.75, 10.75, 2.25 ],
            [ -3.75, 10.75, -2.25 ],
            [ -8.25, 10.75, -2.25 ],
            [ -8.25, 10.75, 2.25 ],
            [ -8.25, 10.75, -2.25 ],
            [ -8.25, 22.25, -2.25 ],
            [ -8.25, 22.25, 2.25 ],
            [ -3.75, 10.75, -2.25 ],
            [ -3.75, 10.75, 2.25 ],
            [ -3.75, 22.25, 2.25 ],
            [ -3.75, 22.25, -2.25 ],
            [ -8.25, 10.75, -2.25 ],
            [ -3.75, 10.75, -2.25 ],
            [ -3.75, 22.25, -2.25 ],
            [ -8.25, 22.25, -2.25 ],
            [ -3.75, 10.75, 2.25 ],
            [ -8.25, 10.75, 2.25 ],
            [ -8.25, 22.25, 2.25 ],
            [ -3.75, 22.25, 2.25 ]
          ],
          "normals": [
            [ 0, 1, 0 ],
            [ 0, -1, 0 ],
            [ -1, 0, 0 ],
            [ 1, 0, 0 ],
            [ 0, 0, -1 ],
            [ 0, 0, 1 ]
          ],
          "uvs": [
            [ 0.03125, 0.3203125 ],
            [ 0.0625, 0.3203125 ],
            [ 0.0625, 0.3515625 ],
            [ 0.03125, 0.3515625 ],
            [ 0.09375, 0.3515625 ],
            [ 0.0625, 0.3515625 ],
            [ 0.0625, 0.3203125 ],
            [ 0.09375, 0.3203125 ],
            [ 0, 0.234375 ],
            [ 0.03125, 0.234375 ],
            [ 0.03125, 0.3203125 ],
            [ 0, 0.3203125 ],
            [ 0.0625, 0.234375 ],
            [ 0.09375, 0.234375 ],
            [ 0.09375, 0.3203125 ],
            [ 0.0625, 0.3203125 ],
            [ 0.03125, 0.234375 ],
            [ 0.0625, 0.234375 ],
            [ 0.0625, 0.3203125 ],
            [ 0.03125, 0.3203125 ],
            [ 0.09375, 0.234375 ],
            [ 0.125, 0.234375 ],
            [ 0.125, 0.3203125 ],
            [ 0.09375, 0.3203125 ]
          ],
          "average_normals": null,
          "polys": [
            [
              [ 0, 0, 0 ],
              [ 1, 0, 1 ],
              [ 2, 0, 2 ],
              [ 3, 0, 3 ]
            ],
            [
              [ 4, 1, 4 ],
              [ 5, 1, 5 ],
              [ 6, 1, 6 ],
              [ 7, 1, 7 ]
            ],
            [
              [ 8, 2, 8 ],
              [ 9, 2, 9 ],
              [ 10, 2, 10 ],
              [ 11, 2, 11 ]
            ],
            [
              [ 12, 3, 12 ],
              [ 13, 3, 13 ],
              [ 14, 3, 14 ],
              [ 15, 3, 15 ]
            ],
            [
              [ 16, 4, 16 ],
              [ 17, 4, 17 ],
              [ 18, 4, 18 ],
              [ 19, 4, 19 ]
            ],
            [
              [ 20, 5, 20 ],
              [ 21, 5, 21 ],
              [ 22, 5, 22 ],
              [ 23, 5, 23 ]
            ]
          ]
        }
      }
    ]
  },
  "geometry.small_left_leg": {
    "bones": [
      {
        "name": "leftLeg",
        "parent": "root",
        "pivot": [ 1.9, 11, 0 ],
        "rotation": [ 0, 0, 0 ],
        "poly_mesh": {
          "normalized_uvs": true,
          "positions": [
            [ -0.1, 11, -2 ],
            [ 3.9, 11, -2 ],
            [ 3.9, 11, 2 ],
            [ -0.1, 11, 2 ],
            [ -0.1, 0, 2 ],
            [ 3.9, 0, 2 ],
            [ 3.9, 0, -2 ],
            [ -0.1, 0, -2 ],
            [ -0.1, 0, 2 ],
            [ -0.1, 0, -2 ],
            [ -0.1, 11, -2 ],
            [ -0.1, 11, 2 ],
            [ 3.9, 0, -2 ],
            [ 3.9, 0, 2 ],
            [ 3.9, 11, 2 ],
            [ 3.9, 11, -2 ],
            [ -0.1, 0, -2 ],
            [ 3.9, 0, -2 ],
            [ 3.9, 11, -2 ],
            [ -0.1, 11, -2 ],
            [ 3.9, 0, 2 ],
            [ -0.1, 0, 2 ],
            [ -0.1, 11, 2 ],
            [ 3.9, 11, 2 ]
          ],
          "normals": [
            [ 0, 1, 0 ],
            [ 0, -1, 0 ],
            [ -1, 0, 0 ],
            [ 1, 0, 0 ],
            [ 0, 0, -1 ],
            [ 0, 0, 1 ]
          ],
          "uvs": [
            [ 0.28125, 0.203125 ],
            [ 0.3125, 0.203125 ],
            [ 0.3125, 0.234375 ],
            [ 0.28125, 0.234375 ],
            [ 0.34375, 0.234375 ],
            [ 0.3125, 0.234375 ],
            [ 0.3125, 0.203125 ],
            [ 0.34375, 0.203125 ],
            [ 0.25, 0.1171875 ],
            [ 0.28125, 0.1171875 ],
            [ 0.28125, 0.203125 ],
            [ 0.25, 0.203125 ],
            [ 0.3125, 0.1171875 ],
            [ 0.34375, 0.1171875 ],
            [ 0.34375, 0.203125 ],
            [ 0.3125, 0.203125 ],
            [ 0.28125, 0.1171875 ],
            [ 0.3125, 0.1171875 ],
            [ 0.3125, 0.203125 ],
            [ 0.28125, 0.203125 ],
            [ 0.34375, 0.1171875 ],
            [ 0.375, 0.1171875 ],
            [ 0.375, 0.203125 ],
            [ 0.34375, 0.203125 ]
          ],
          "average_normals": null,
          "polys": [
            [
              [ 0, 0, 0 ],
              [ 1, 0, 1 ],
              [ 2, 0, 2 ],
              [ 3, 0, 3 ]
            ],
            [
              [ 4, 1, 4 ],
              [ 5, 1, 5 ],
              [ 6, 1, 6 ],
              [ 7, 1, 7 ]
            ],
            [
              [ 8, 2, 8 ],
              [ 9, 2, 9 ],
              [ 10, 2, 10 ],
              [ 11, 2, 11 ]
            ],
            [
              [ 12, 3, 12 ],
              [ 13, 3, 13 ],
              [ 14, 3, 14 ],
              [ 15, 3, 15 ]
            ],
            [
              [ 16, 4, 16 ],
              [ 17, 4, 17 ],
              [ 18, 4, 18 ],
              [ 19, 4, 19 ]
            ],
            [
              [ 20, 5, 20 ],
              [ 21, 5, 21 ],
              [ 22, 5, 22 ],
              [ 23, 5, 23 ]
            ]
          ]
        }
      }
    ]
  },
  "geometry.small_right_leg": {
    "bones": [
      {
        "name": "rightLeg",
        "parent": "root",
        "pivot": [ -1.9, 11, 0 ],
        "rotation": [ 0, 0, 0 ],
        "poly_mesh": {
          "normalized_uvs": true,
          "positions": [
            [ -3.9, 11, -2 ],
            [ 0.0999999, 11, -2 ],
            [ 0.0999999, 11, 2 ],
            [ -3.9, 11, 2 ],
            [ -3.9, 0, 2 ],
            [ 0.0999999, 0, 2 ],
            [ 0.0999999, 0, -2 ],
            [ -3.9, 0, -2 ],
            [ -3.9, 0, 2 ],
            [ -3.9, 0, -2 ],
            [ -3.9, 11, -2 ],
            [ -3.9, 11, 2 ],
            [ 0.0999999, 0, -2 ],
            [ 0.0999999, 0, 2 ],
            [ 0.0999999, 11, 2 ],
            [ 0.0999999, 11, -2 ],
            [ -3.9, 0, -2 ],
            [ 0.0999999, 0, -2 ],
            [ 0.0999999, 11, -2 ],
            [ -3.9, 11, -2 ],
            [ 0.0999999, 0, 2 ],
            [ -3.9, 0, 2 ],
            [ -3.9, 11, 2 ],
            [ 0.0999999, 11, 2 ]
          ],
          "normals": [
            [ 0, 1, 0 ],
            [ 0, -1, 0 ],
            [ -1, 0, 0 ],
            [ 1, 0, 0 ],
            [ 0, 0, -1 ],
            [ 0, 0, 1 ]
          ],
          "uvs": [
            [ 0.15625, 0.203125 ],
            [ 0.1875, 0.203125 ],
            [ 0.1875, 0.234375 ],
            [ 0.15625, 0.234375 ],
            [ 0.21875, 0.234375 ],
            [ 0.1875, 0.234375 ],
            [ 0.1875, 0.203125 ],
            [ 0.21875, 0.203125 ],
            [ 0.125, 0.1171875 ],
            [ 0.15625, 0.1171875 ],
            [ 0.15625, 0.203125 ],
            [ 0.125, 0.203125 ],
            [ 0.1875, 0.1171875 ],
            [ 0.21875, 0.1171875 ],
            [ 0.21875, 0.203125 ],
            [ 0.1875, 0.203125 ],
            [ 0.15625, 0.1171875 ],
            [ 0.1875, 0.1171875 ],
            [ 0.1875, 0.203125 ],
            [ 0.15625, 0.203125 ],
            [ 0.21875, 0.1171875 ],
            [ 0.25, 0.1171875 ],
            [ 0.25, 0.203125 ],
            [ 0.21875, 0.203125 ]
          ],
          "average_normals": null,
          "polys": [
            [
              [ 0, 0, 0 ],
              [ 1, 0, 1 ],
              [ 2, 0, 2 ],
              [ 3, 0, 3 ]
            ],
            [
              [ 4, 1, 4 ],
              [ 5, 1, 5 ],
              [ 6, 1, 6 ],
              [ 7, 1, 7 ]
            ],
            [
              [ 8, 2, 8 ],
              [ 9, 2, 9 ],
              [ 10, 2, 10 ],
              [ 11, 2, 11 ]
            ],
            [
              [ 12, 3, 12 ],
              [ 13, 3, 13 ],
              [ 14, 3, 14 ],
              [ 15, 3, 15 ]
            ],
            [
              [ 16, 4, 16 ],
              [ 17, 4, 17 ],
              [ 18, 4, 18 ],
              [ 19, 4, 19 ]
            ],
            [
              [ 20, 5, 20 ],
              [ 21, 5, 21 ],
              [ 22, 5, 22 ],
              [ 23, 5, 23 ]
            ]
          ]
        }
      }
    ]
  },
  "geometry.small_left_leg_clothing": {
    "bones": [
      {
        "name": "leftPants",
        "parent": "leftLeg",
        "pivot": [ 1.9, 11, 0 ],
        "rotation": [ 0, 0, 0 ],
        "poly_mesh": {
          "normalized_uvs": true,
          "positions": [
            [ -0.35, 11.25, -2.25 ],
            [ 4.15, 11.25, -2.25 ],
            [ 4.15, 11.25, 2.25 ],
            [ -0.35, 11.25, 2.25 ],
            [ -0.35, -0.25, 2.25 ],
            [ 4.15, -0.25, 2.25 ],
            [ 4.15, -0.25, -2.25 ],
            [ -0.35, -0.25, -2.25 ],
            [ -0.35, -0.25, 2.25 ],
            [ -0.35, -0.25, -2.25 ],
            [ -0.35, 11.25, -2.25 ],
            [ -0.35, 11.25, 2.25 ],
            [ 4.15, -0.25, -2.25 ],
            [ 4.15, -0.25, 2.25 ],
            [ 4.15, 11.25, 2.25 ],
            [ 4.15, 11.25, -2.25 ],
            [ -0.35, -0.25, -2.25 ],
            [ 4.15, -0.25, -2.25 ],
            [ 4.15, 11.25, -2.25 ],
            [ -0.35, 11.25, -2.25 ],
            [ 4.15, -0.25, 2.25 ],
            [ -0.35, -0.25, 2.25 ],
            [ -0.35, 11.25, 2.25 ],
            [ 4.15, 11.25, 2.25 ]
          ],
          "normals": [
            [ 0, 1, 0 ],
            [ 0, -1, 0 ],
            [ -1, 0, 0 ],
            [ 1, 0, 0 ],
            [ 0, 0, -1 ],
            [ 0, 0, 1 ]
          ],
          "uvs": [
            [ 0.40625, 0.203125 ],
            [ 0.4375, 0.203125 ],
            [ 0.4375, 0.234375 ],
            [ 0.40625, 0.234375 ],
            [ 0.46875, 0.234375 ],
            [ 0.4375, 0.234375 ],
            [ 0.4375, 0.203125 ],
            [ 0.46875, 0.203125 ],
            [ 0.375, 0.1171875 ],
            [ 0.40625, 0.1171875 ],
            [ 0.40625, 0.203125 ],
            [ 0.375, 0.203125 ],
            [ 0.4375, 0.1171875 ],
            [ 0.46875, 0.1171875 ],
            [ 0.46875, 0.203125 ],
            [ 0.4375, 0.203125 ],
            [ 0.40625, 0.1171875 ],
            [ 0.4375, 0.1171875 ],
            [ 0.4375, 0.203125 ],
            [ 0.40625, 0.203125 ],
            [ 0.46875, 0.1171875 ],
            [ 0.5, 0.1171875 ],
            [ 0.5, 0.203125 ],
            [ 0.46875, 0.203125 ]
          ],
          "average_normals": null,
          "polys": [
            [
              [ 0, 0, 0 ],
              [ 1, 0, 1 ],
              [ 2, 0, 2 ],
              [ 3, 0, 3 ]
            ],
            [
              [ 4, 1, 4 ],
              [ 5, 1, 5 ],
              [ 6, 1, 6 ],
              [ 7, 1, 7 ]
            ],
            [
              [ 8, 2, 8 ],
              [ 9, 2, 9 ],
              [ 10, 2, 10 ],
              [ 11, 2, 11 ]
            ],
            [
              [ 12, 3, 12 ],
              [ 13, 3, 13 ],
              [ 14, 3, 14 ],
              [ 15, 3, 15 ]
            ],
            [
              [ 16, 4, 16 ],
              [ 17, 4, 17 ],
              [ 18, 4, 18 ],
              [ 19, 4, 19 ]
            ],
            [
              [ 20, 5, 20 ],
              [ 21, 5, 21 ],
              [ 22, 5, 22 ],
              [ 23, 5, 23 ]
            ]
          ]
        }
      }
    ]
  },
  "geometry.small_right_leg_clothing": {
    "bones": [
      {
        "name": "rightPants",
        "parent": "rightLeg",
        "pivot": [ -1.9, 11, 0 ],
        "rotation": [ 0, 0, 0 ],
        "poly_mesh": {
          "normalized_uvs": true,
          "positions": [
            [ -4.15, 11.25, -2.25 ],
            [ 0.3499999, 11.25, -2.25 ],
            [ 0.3499999, 11.25, 2.25 ],
            [ -4.15, 11.25, 2.25 ],
            [ -4.15, -0.25, 2.25 ],
            [ 0.3499999, -0.25, 2.25 ],
            [ 0.3499999, -0.25, -2.25 ],
            [ -4.15, -0.25, -2.25 ],
            [ -4.15, -0.25, 2.25 ],
            [ -4.15, -0.25, -2.25 ],
            [ -4.15, 11.25, -2.25 ],
            [ -4.15, 11.25, 2.25 ],
            [ 0.3499999, -0.25, -2.25 ],
            [ 0.3499999, -0.25, 2.25 ],
            [ 0.3499999, 11.25, 2.25 ],
            [ 0.3499999, 11.25, -2.25 ],
            [ -4.15, -0.25, -2.25 ],
            [ 0.3499999, -0.25, -2.25 ],
            [ 0.3499999, 11.25, -2.25 ],
            [ -4.15, 11.25, -2.25 ],
            [ 0.3499999, -0.25, 2.25 ],
            [ -4.15, -0.25, 2.25 ],
            [ -4.15, 11.25, 2.25 ],
            [ 0.3499999, 11.25, 2.25 ]
          ],
          "normals": [
            [ 0, 1, 0 ],
            [ 0, -1, 0 ],
            [ -1, 0, 0 ],
            [ 1, 0, 0 ],
            [ 0, 0, -1 ],
            [ 0, 0, 1 ]
          ],
          "uvs": [
            [ 0.03125, 0.203125 ],
            [ 0.0625, 0.203125 ],
            [ 0.0625, 0.234375 ],
            [ 0.03125, 0.234375 ],
            [ 0.09375, 0.234375 ],
            [ 0.0625, 0.234375 ],
            [ 0.0625, 0.203125 ],
            [ 0.09375, 0.203125 ],
            [ 0, 0.1171875 ],
            [ 0.03125, 0.1171875 ],
            [ 0.03125, 0.203125 ],
            [ 0, 0.203125 ],
            [ 0.0625, 0.1171875 ],
            [ 0.09375, 0.1171875 ],
            [ 0.09375, 0.203125 ],
            [ 0.0625, 0.203125 ],
            [ 0.03125, 0.1171875 ],
            [ 0.0625, 0.1171875 ],
            [ 0.0625, 0.203125 ],
            [ 0.03125, 0.203125 ],
            [ 0.09375, 0.1171875 ],
            [ 0.125, 0.1171875 ],
            [ 0.125, 0.203125 ],
            [ 0.09375, 0.203125 ]
          ],
          "average_normals": null,
          "polys": [
            [
              [ 0, 0, 0 ],
              [ 1, 0, 1 ],
              [ 2, 0, 2 ],
              [ 3, 0, 3 ]
            ],
            [
              [ 4, 1, 4 ],
              [ 5, 1, 5 ],
              [ 6, 1, 6 ],
              [ 7, 1, 7 ]
            ],
            [
              [ 8, 2, 8 ],
              [ 9, 2, 9 ],
              [ 10, 2, 10 ],
              [ 11, 2, 11 ]
            ],
            [
              [ 12, 3, 12 ],
              [ 13, 3, 13 ],
              [ 14, 3, 14 ],
              [ 15, 3, 15 ]
            ],
            [
              [ 16, 4, 16 ],
              [ 17, 4, 17 ],
              [ 18, 4, 18 ],
              [ 19, 4, 19 ]
            ],
            [
              [ 20, 5, 20 ],
              [ 21, 5, 21 ],
              [ 22, 5, 22 ],
              [ 23, 5, 23 ]
            ]
          ]
        }
      }
    ]
  },
  "geometry.small_body_clothing": {
    "bones": [
      {
        "name": "jacket",
        "parent": "body",
        "pivot": [ 0, 22, 0 ],
        "rotation": [ 0, 0, 0 ],
        "poly_mesh": {
          "normalized_uvs": true,
          "positions": [
            [ -4.25, 22.25, -2.25 ],
            [ 4.25, 22.25, -2.25 ],
            [ 4.25, 22.25, 2.25 ],
            [ -4.25, 22.25, 2.25 ],
            [ -4.25, 10.75, 2.25 ],
            [ 4.25, 10.75, 2.25 ],
            [ 4.25, 10.75, -2.25 ],
            [ -4.25, 10.75, -2.25 ],
            [ -4.25, 10.75, 2.25 ],
            [ -4.25, 10.75, -2.25 ],
            [ -4.25, 22.25, -2.25 ],
            [ -4.25, 22.25, 2.25 ],
            [ 4.25, 10.75, -2.25 ],
            [ 4.25, 10.75, 2.25 ],
            [ 4.25, 22.25, 2.25 ],
            [ 4.25, 22.25, -2.25 ],
            [ -4.25, 10.75, -2.25 ],
            [ 4.25, 10.75, -2.25 ],
            [ 4.25, 22.25, -2.25 ],
            [ -4.25, 22.25, -2.25 ],
            [ 4.25, 10.75, 2.25 ],
            [ -4.25, 10.75, 2.25 ],
            [ -4.25, 22.25, 2.25 ],
            [ 4.25, 22.25, 2.25 ]
          ],
          "normals": [
            [ 0, 1, 0 ],
            [ 0, -1, 0 ],
            [ -1, 0, 0 ],
            [ 1, 0, 0 ],
            [ 0, 0, -1 ],
            [ 0, 0, 1 ]
          ],
          "uvs": [
            [ 0.15625, 0.3203125 ],
            [ 0.21875, 0.3203125 ],
            [ 0.21875, 0.3515625 ],
            [ 0.15625, 0.3515625 ],
            [ 0.28125, 0.3515625 ],
            [ 0.21875, 0.3515625 ],
            [ 0.21875, 0.3203125 ],
            [ 0.28125, 0.3203125 ],
            [ 0.125, 0.234375 ],
            [ 0.15625, 0.234375 ],
            [ 0.15625, 0.3203125 ],
            [ 0.125, 0.3203125 ],
            [ 0.21875, 0.234375 ],
            [ 0.25, 0.234375 ],
            [ 0.25, 0.3203125 ],
            [ 0.21875, 0.3203125 ],
            [ 0.15625, 0.234375 ],
            [ 0.21875, 0.234375 ],
            [ 0.21875, 0.3203125 ],
            [ 0.15625, 0.3203125 ],
            [ 0.25, 0.234375 ],
            [ 0.3125, 0.234375 ],
            [ 0.3125, 0.3203125 ],
            [ 0.25, 0.3203125 ]
          ],
          "average_normals": null,
          "polys": [
            [
              [ 0, 0, 0 ],
              [ 1, 0, 1 ],
              [ 2, 0, 2 ],
              [ 3, 0, 3 ]
            ],
            [
              [ 4, 1, 4 ],
              [ 5, 1, 5 ],
              [ 6, 1, 6 ],
              [ 7, 1, 7 ]
            ],
            [
              [ 8, 2, 8 ],
              [ 9, 2, 9 ],
              [ 10, 2, 10 ],
              [ 11, 2, 11 ]
            ],
            [
              [ 12, 3, 12 ],
              [ 13, 3, 13 ],
              [ 14, 3, 14 ],
              [ 15, 3, 15 ]
            ],
            [
              [ 16, 4, 16 ],
              [ 17, 4, 17 ],
              [ 18, 4, 18 ],
              [ 19, 4, 19 ]
            ],
            [
              [ 20, 5, 20 ],
              [ 21, 5, 21 ],
              [ 22, 5, 22 ],
              [ 23, 5, 23 ]
            ]
          ]
        }
      }
    ]
  },
  "geometry.small_left_slim_arm": {
    "bones": [
      {
        "name": "leftArm",
        "parent": "body",
        "pivot": [ 5, 19.5, 0 ],
        "rotation": [ 0, 0, 0 ],
        "poly_mesh": {
          "normalized_uvs": true,
          "positions": [
            [ 4, 21.5, -2 ],
            [ 7, 21.5, -2 ],
            [ 7, 21.5, 2 ],
            [ 4, 21.5, 2 ],
            [ 4, 10.5, 2 ],
            [ 7, 10.5, 2 ],
            [ 7, 10.5, -2 ],
            [ 4, 10.5, -2 ],
            [ 4, 10.5, 2 ],
            [ 4, 10.5, -2 ],
            [ 4, 21.5, -2 ],
            [ 4, 21.5, 2 ],
            [ 7, 10.5, -2 ],
            [ 7, 10.5, 2 ],
            [ 7, 21.5, 2 ],
            [ 7, 21.5, -2 ],
            [ 4, 10.5, -2 ],
            [ 7, 10.5, -2 ],
            [ 7, 21.5, -2 ],
            [ 4, 21.5, -2 ],
            [ 7, 10.5, 2 ],
            [ 4, 10.5, 2 ],
            [ 4, 21.5, 2 ],
            [ 7, 21.5, 2 ]
          ],
          "normals": [
            [ 0, 1, 0 ],
            [ 0, -1, 0 ],
            [ -1, 0, 0 ],
            [ 1, 0, 0 ],
            [ 0, 0, -1 ],
            [ 0, 0, 1 ]
          ],
          "uvs": [
            [ 0.25, 0.0859375 ],
            [ 0.2734375, 0.0859375 ],
            [ 0.2734375, 0.1171875 ],
            [ 0.25, 0.1171875 ],
            [ 0.296875, 0.1171875 ],
            [ 0.2734375, 0.1171875 ],
            [ 0.2734375, 0.0859375 ],
            [ 0.296875, 0.0859375 ],
            [ 0.21875, 0 ],
            [ 0.25, 0 ],
            [ 0.25, 0.0859375 ],
            [ 0.21875, 0.0859375 ],
            [ 0.2734375, 0 ],
            [ 0.3046875, 0 ],
            [ 0.3046875, 0.0859375 ],
            [ 0.2734375, 0.0859375 ],
            [ 0.25, 0 ],
            [ 0.2734375, 0 ],
            [ 0.2734375, 0.0859375 ],
            [ 0.25, 0.0859375 ],
            [ 0.3046875, 0 ],
            [ 0.328125, 0 ],
            [ 0.328125, 0.0859375 ],
            [ 0.3046875, 0.0859375 ]
          ],
          "average_normals": null,
          "polys": [
            [
              [ 0, 0, 0 ],
              [ 1, 0, 1 ],
              [ 2, 0, 2 ],
              [ 3, 0, 3 ]
            ],
            [
              [ 4, 1, 4 ],
              [ 5, 1, 5 ],
              [ 6, 1, 6 ],
              [ 7, 1, 7 ]
            ],
            [
              [ 8, 2, 8 ],
              [ 9, 2, 9 ],
              [ 10, 2, 10 ],
              [ 11, 2, 11 ]
            ],
            [
              [ 12, 3, 12 ],
              [ 13, 3, 13 ],
              [ 14, 3, 14 ],
              [ 15, 3, 15 ]
            ],
            [
              [ 16, 4, 16 ],
              [ 17, 4, 17 ],
              [ 18, 4, 18 ],
              [ 19, 4, 19 ]
            ],
            [
              [ 20, 5, 20 ],
              [ 21, 5, 21 ],
              [ 22, 5, 22 ],
              [ 23, 5, 23 ]
            ]
          ]
        }
      }
    ]
  },
  "geometry.small_right_slim_arm": {
    "bones": [
      {
        "name": "rightArm",
        "parent": "body",
        "pivot": [ -5, 19.5, 0 ],
        "rotation": [ 0, 0, 0 ],
        "poly_mesh": {
          "normalized_uvs": true,
          "positions": [
            [ -7, 21.5, -2 ],
            [ -4, 21.5, -2 ],
            [ -4, 21.5, 2 ],
            [ -7, 21.5, 2 ],
            [ -7, 10.5, 2 ],
            [ -4, 10.5, 2 ],
            [ -4, 10.5, -2 ],
            [ -7, 10.5, -2 ],
            [ -7, 10.5, 2 ],
            [ -7, 10.5, -2 ],
            [ -7, 21.5, -2 ],
            [ -7, 21.5, 2 ],
            [ -4, 10.5, -2 ],
            [ -4, 10.5, 2 ],
            [ -4, 21.5, 2 ],
            [ -4, 21.5, -2 ],
            [ -7, 10.5, -2 ],
            [ -4, 10.5, -2 ],
            [ -4, 21.5, -2 ],
            [ -7, 21.5, -2 ],
            [ -4, 10.5, 2 ],
            [ -7, 10.5, 2 ],
            [ -7, 21.5, 2 ],
            [ -4, 21.5, 2 ]
          ],
          "normals": [
            [ 0, 1, 0 ],
            [ 0, -1, 0 ],
            [ -1, 0, 0 ],
            [ 1, 0, 0 ],
            [ 0, 0, -1 ],
            [ 0, 0, 1 ]
          ],
          "uvs": [
            [ 0.140625, 0.0859375 ],
            [ 0.1640625, 0.0859375 ],
            [ 0.1640625, 0.1171875 ],
            [ 0.140625, 0.1171875 ],
            [ 0.1875, 0.1171875 ],
            [ 0.1640625, 0.1171875 ],
            [ 0.1640625, 0.0859375 ],
            [ 0.1875, 0.0859375 ],
            [ 0.109375, 0 ],
            [ 0.140625, 0 ],
            [ 0.140625, 0.0859375 ],
            [ 0.109375, 0.0859375 ],
            [ 0.1640625, 0 ],
            [ 0.1953125, 0 ],
            [ 0.1953125, 0.0859375 ],
            [ 0.1640625, 0.0859375 ],
            [ 0.140625, 0 ],
            [ 0.1640625, 0 ],
            [ 0.1640625, 0.0859375 ],
            [ 0.140625, 0.0859375 ],
            [ 0.1953125, 0 ],
            [ 0.21875, 0 ],
            [ 0.21875, 0.0859375 ],
            [ 0.1953125, 0.0859375 ]
          ],
          "average_normals": null,
          "polys": [
            [
              [ 0, 0, 0 ],
              [ 1, 0, 1 ],
              [ 2, 0, 2 ],
              [ 3, 0, 3 ]
            ],
            [
              [ 4, 1, 4 ],
              [ 5, 1, 5 ],
              [ 6, 1, 6 ],
              [ 7, 1, 7 ]
            ],
            [
              [ 8, 2, 8 ],
              [ 9, 2, 9 ],
              [ 10, 2, 10 ],
              [ 11, 2, 11 ]
            ],
            [
              [ 12, 3, 12 ],
              [ 13, 3, 13 ],
              [ 14, 3, 14 ],
              [ 15, 3, 15 ]
            ],
            [
              [ 16, 4, 16 ],
              [ 17, 4, 17 ],
              [ 18, 4, 18 ],
              [ 19, 4, 19 ]
            ],
            [
              [ 20, 5, 20 ],
              [ 21, 5, 21 ],
              [ 22, 5, 22 ],
              [ 23, 5, 23 ]
            ]
          ]
        }
      }
    ]
  },
  "geometry.small_left_slim_clothing_arm": {
    "bones": [
      {
        "name": "leftSleeve",
        "parent": "leftArm",
        "pivot": [ 5, 19.5, 0 ],
        "rotation": [ 0, 0, 0 ],
        "poly_mesh": {
          "normalized_uvs": true,
          "positions": [
            [ 3.75, 21.75, -2.25 ],
            [ 7.25, 21.75, -2.25 ],
            [ 7.25, 21.75, 2.25 ],
            [ 3.75, 21.75, 2.25 ],
            [ 3.75, 10.25, 2.25 ],
            [ 7.25, 10.25, 2.25 ],
            [ 7.25, 10.25, -2.25 ],
            [ 3.75, 10.25, -2.25 ],
            [ 3.75, 10.25, 2.25 ],
            [ 3.75, 10.25, -2.25 ],
            [ 3.75, 21.75, -2.25 ],
            [ 3.75, 21.75, 2.25 ],
            [ 7.25, 10.25, -2.25 ],
            [ 7.25, 10.25, 2.25 ],
            [ 7.25, 21.75, 2.25 ],
            [ 7.25, 21.75, -2.25 ],
            [ 3.75, 10.25, -2.25 ],
            [ 7.25, 10.25, -2.25 ],
            [ 7.25, 21.75, -2.25 ],
            [ 3.75, 21.75, -2.25 ],
            [ 7.25, 10.25, 2.25 ],
            [ 3.75, 10.25, 2.25 ],
            [ 3.75, 21.75, 2.25 ],
            [ 7.25, 21.75, 2.25 ]
          ],
          "normals": [
            [ 0, 1, 0 ],
            [ 0, -1, 0 ],
            [ -1, 0, 0 ],
            [ 1, 0, 0 ],
            [ 0, 0, -1 ],
            [ 0, 0, 1 ]
          ],
          "uvs": [
            [ 0.359375, 0.0859375 ],
            [ 0.3828125, 0.0859375 ],
            [ 0.3828125, 0.1171875 ],
            [ 0.359375, 0.1171875 ],
            [ 0.40625, 0.1171875 ],
            [ 0.3828125, 0.1171875 ],
            [ 0.3828125, 0.0859375 ],
            [ 0.40625, 0.0859375 ],
            [ 0.328125, 0 ],
            [ 0.359375, 0 ],
            [ 0.359375, 0.0859375 ],
            [ 0.328125, 0.0859375 ],
            [ 0.3828125, 0 ],
            [ 0.4140625, 0 ],
            [ 0.4140625, 0.0859375 ],
            [ 0.3828125, 0.0859375 ],
            [ 0.359375, 0 ],
            [ 0.3828125, 0 ],
            [ 0.3828125, 0.0859375 ],
            [ 0.359375, 0.0859375 ],
            [ 0.4140625, 0 ],
            [ 0.4375, 0 ],
            [ 0.4375, 0.0859375 ],
            [ 0.4140625, 0.0859375 ]
          ],
          "average_normals": null,
          "polys": [
            [
              [ 0, 0, 0 ],
              [ 1, 0, 1 ],
              [ 2, 0, 2 ],
              [ 3, 0, 3 ]
            ],
            [
              [ 4, 1, 4 ],
              [ 5, 1, 5 ],
              [ 6, 1, 6 ],
              [ 7, 1, 7 ]
            ],
            [
              [ 8, 2, 8 ],
              [ 9, 2, 9 ],
              [ 10, 2, 10 ],
              [ 11, 2, 11 ]
            ],
            [
              [ 12, 3, 12 ],
              [ 13, 3, 13 ],
              [ 14, 3, 14 ],
              [ 15, 3, 15 ]
            ],
            [
              [ 16, 4, 16 ],
              [ 17, 4, 17 ],
              [ 18, 4, 18 ],
              [ 19, 4, 19 ]
            ],
            [
              [ 20, 5, 20 ],
              [ 21, 5, 21 ],
              [ 22, 5, 22 ],
              [ 23, 5, 23 ]
            ]
          ]
        }
      }
    ]
  },
  "geometry.small_right_slim_clothing_arm": {
    "bones": [
      {
        "name": "rightSleeve",
        "parent": "rightArm",
        "pivot": [ -5, 19.5, 0 ],
        "rotation": [ 0, 0, 0 ],
        "poly_mesh": {
          "normalized_uvs": true,
          "positions": [
            [ -7.25, 21.75, -2.25 ],
            [ -3.75, 21.75, -2.25 ],
            [ -3.75, 21.75, 2.25 ],
            [ -7.25, 21.75, 2.25 ],
            [ -7.25, 10.25, 2.25 ],
            [ -3.75, 10.25, 2.25 ],
            [ -3.75, 10.25, -2.25 ],
            [ -7.25, 10.25, -2.25 ],
            [ -7.25, 10.25, 2.25 ],
            [ -7.25, 10.25, -2.25 ],
            [ -7.25, 21.75, -2.25 ],
            [ -7.25, 21.75, 2.25 ],
            [ -3.75, 10.25, -2.25 ],
            [ -3.75, 10.25, 2.25 ],
            [ -3.75, 21.75, 2.25 ],
            [ -3.75, 21.75, -2.25 ],
            [ -7.25, 10.25, -2.25 ],
            [ -3.75, 10.25, -2.25 ],
            [ -3.75, 21.75, -2.25 ],
            [ -7.25, 21.75, -2.25 ],
            [ -3.75, 10.25, 2.25 ],
            [ -7.25, 10.25, 2.25 ],
            [ -7.25, 21.75, 2.25 ],
            [ -3.75, 21.75, 2.25 ]
          ],
          "normals": [
            [ 0, 1, 0 ],
            [ 0, -1, 0 ],
            [ -1, 0, 0 ],
            [ 1, 0, 0 ],
            [ 0, 0, -1 ],
            [ 0, 0, 1 ]
          ],
          "uvs": [
            [ 0.03125, 0.0859375 ],
            [ 0.0546875, 0.0859375 ],
            [ 0.0546875, 0.1171875 ],
            [ 0.03125, 0.1171875 ],
            [ 0.078125, 0.1171875 ],
            [ 0.0546875, 0.1171875 ],
            [ 0.0546875, 0.0859375 ],
            [ 0.078125, 0.0859375 ],
            [ 0, 0 ],
            [ 0.03125, 0 ],
            [ 0.03125, 0.0859375 ],
            [ 0, 0.0859375 ],
            [ 0.0546875, 0 ],
            [ 0.0859375, 0 ],
            [ 0.0859375, 0.0859375 ],
            [ 0.0546875, 0.0859375 ],
            [ 0.03125, 0 ],
            [ 0.0546875, 0 ],
            [ 0.0546875, 0.0859375 ],
            [ 0.03125, 0.0859375 ],
            [ 0.0859375, 0 ],
            [ 0.109375, 0 ],
            [ 0.109375, 0.0859375 ],
            [ 0.0859375, 0.0859375 ]
          ],
          "average_normals": null,
          "polys": [
            [
              [ 0, 0, 0 ],
              [ 1, 0, 1 ],
              [ 2, 0, 2 ],
              [ 3, 0, 3 ]
            ],
            [
              [ 4, 1, 4 ],
              [ 5, 1, 5 ],
              [ 6, 1, 6 ],
              [ 7, 1, 7 ]
            ],
            [
              [ 8, 2, 8 ],
              [ 9, 2, 9 ],
              [ 10, 2, 10 ],
              [ 11, 2, 11 ]
            ],
            [
              [ 12, 3, 12 ],
              [ 13, 3, 13 ],
              [ 14, 3, 14 ],
              [ 15, 3, 15 ]
            ],
            [
              [ 16, 4, 16 ],
              [ 17, 4, 17 ],
              [ 18, 4, 18 ],
              [ 19, 4, 19 ]
            ],
            [
              [ 20, 5, 20 ],
              [ 21, 5, 21 ],
              [ 22, 5, 22 ],
              [ 23, 5, 23 ]
            ]
          ]
        }
      }
    ]
  }
}